{
    "format_version": "1.12", 
    "minecraft:recipe_shapeless": {
        "description": {
            "identifier": "twf:spells_t_baked_potato_from_letters"
        }, 
        "ingredients": [
            {
                "count": 2, 
                "item": "twf:spells_lower_a"
            }, 
            {
                "item": "twf:spells_lower_b"
            }, 
            {
                "item": "twf:spells_lower_e"
            }, 
            {
                "item": "twf:spells_lower_d"
            }, 
            {
                "item": "twf:spells_lower_k"
            }, 
            {
                "count": 2, 
                "item": "twf:spells_lower_o"
            }, 
            {
                "item": "twf:spells_lower_p"
            }, 
            {
                "count": 2, 
                "item": "twf:spells_lower_t"
            }
        ], 
        "result": {
            "item": "minecraft:baked_potato"
        }, 
        "tags": [
            "crafting_table"
        ]
    }
}