{
    "format_version": "1.12", 
    "minecraft:recipe_shapeless": {
        "description": {
            "identifier": "twf:spells_t_anvil0_from_letters"
        }, 
        "ingredients": [
            {
                "item": "twf:spells_lower_a"
            }, 
            {
                "item": "twf:spells_lower_i"
            }, 
            {
                "item": "twf:spells_lower_v"
            }, 
            {
                "item": "twf:spells_lower_l"
            }, 
            {
                "item": "twf:spells_lower_n"
            }
        ], 
        "result": {
            "data": 0, 
            "item": "minecraft:anvil"
        }, 
        "tags": [
            "crafting_table"
        ]
    }
}