{
    "format_version": "1.12", 
    "minecraft:recipe_shapeless": {
        "description": {
            "identifier": "twf:output4424124846_shards_from_output4424124846"
        }, 
        "ingredients": [
            {
                "count": 1, 
                "item": "twf:output4424124846"
            }
        ], 
        "result": {
            "count": 9, 
            "item": "twf:output4424124846_item"
        }, 
        "tags": [
            "crafting_table"
        ]
    }
}