{
    "format_version": "1.12", 
    "minecraft:recipe_shapeless": {
        "description": {
            "identifier": "twf:spells_5"
        }, 
        "ingredients": [
            {
                "item": "twf:spells_lower_f"
            }, 
            {
                "item": "twf:spells_lower_i"
            }, 
            {
                "item": "twf:spells_lower_v"
            },
            {
                "item": "twf:spells_lower_e"
            }            
        ], 
        "result": {
            "item": "twf:spells_5"
        }, 
        "tags": [
            "crafting_table"
        ]
    }
}