{
    "format_version": "1.12", 
    "minecraft:recipe_shaped": {
        "description": {
            "identifier": "twf:spells_4plus9"
        }, 
        "key": {
            "A": {
                "item": "twf:spells_4"
            }, 
            "B": {
                "item": "twf:spells_9"
            }, 
            "P": {
                "item": "twf:spells_plus"
            }
        }, 
        "pattern": [
            "APB"
        ], 
        "result": {
            "count": 13, 
            "item": "twf:spells_1"
        }, 
        "tags": [
            "crafting_table"
        ]
    }
}