{
    "format_version": "1.12", 
    "minecraft:recipe_shapeless": {
        "description": {
            "identifier": "twf:spells_t_andesite_stairs0_from_letters"
        }, 
        "ingredients": [
            {
                "count": 2, 
                "item": "twf:spells_lower_a"
            }, 
            {
                "count": 2, 
                "item": "twf:spells_lower_e"
            }, 
            {
                "item": "twf:spells_lower_d"
            }, 
            {
                "count": 2, 
                "item": "twf:spells_lower_i"
            }, 
            {
                "item": "twf:spells_lower_n"
            }, 
            {
                "count": 3, 
                "item": "twf:spells_lower_s"
            }, 
            {
                "item": "twf:spells_lower_r"
            }, 
            {
                "count": 2, 
                "item": "twf:spells_lower_t"
            }
        ], 
        "result": {
            "data": 0, 
            "item": "minecraft:andesite_stairs"
        }, 
        "tags": [
            "crafting_table"
        ]
    }
}