{
    "format_version": "1.12", 
    "minecraft:recipe_shapeless": {
        "description": {
            "identifier": "twf:spells_10"
        }, 
        "ingredients": [
            {
                "item": "twf:spells_lower_t"
            }, 
            {
                "item": "twf:spells_lower_e"
            }, 
            {
                "item": "twf:spells_lower_n"
            }
        ], 
        "result": {
            "item": "twf:spells_1",
            "count": 10
        }, 
        "tags": [
            "crafting_table"
        ]
    }
}