{
    "format_version": "1.12", 
    "minecraft:recipe_shapeless": {
        "description": {
            "identifier": "twf:spells_t_acacia_fence_gate_from_letters"
        }, 
        "ingredients": [
            {
                "count": 4, 
                "item": "twf:spells_lower_a"
            }, 
            {
                "count": 3, 
                "item": "twf:spells_lower_c"
            }, 
            {
                "count": 3, 
                "item": "twf:spells_lower_e"
            }, 
            {
                "item": "twf:spells_lower_g"
            }, 
            {
                "item": "twf:spells_lower_f"
            }, 
            {
                "item": "twf:spells_lower_i"
            }, 
            {
                "item": "twf:spells_lower_n"
            }, 
            {
                "item": "twf:spells_lower_t"
            }, 
            {
                "item": "minecraft:planks"
            }
        ], 
        "result": {
            "item": "minecraft:acacia_fence_gate"
        }, 
        "tags": [
            "crafting_table"
        ]
    }
}