{
    "format_version": "1.12", 
    "minecraft:recipe_shapeless": {
        "description": {
            "identifier": "twf:spells_6"
        }, 
        "ingredients": [
            {
                "item": "twf:spells_lower_s"
            }, 
            {
                "item": "twf:spells_lower_i"
            }, 
            {
                "item": "twf:spells_lower_x"
            }            
        ], 
        "result": {
            "item": "twf:spells_6"
        }, 
        "tags": [
            "crafting_table"
        ]
    }
}