{
    "format_version": "1.12", 
    "minecraft:recipe_shapeless": {
        "description": {
            "identifier": "twf:spells_t_arrow_from_letters"
        }, 
        "ingredients": [
            {
                "item": "twf:spells_lower_a"
            }, 
            {
                "count": 2, 
                "item": "twf:spells_lower_r"
            }, 
            {
                "item": "twf:spells_lower_w"
            }, 
            {
                "item": "twf:spells_lower_o"
            }
        ], 
        "result": {
            "item": "minecraft:arrow"
        }, 
        "tags": [
            "crafting_table"
        ]
    }
}