{
    "format_version": "1.12", 
    "minecraft:recipe_shapeless": {
        "description": {
            "identifier": "twf:spells_t_armor_stand_from_letters"
        }, 
        "ingredients": [
            {
                "count": 2, 
                "item": "twf:spells_lower_a"
            }, 
            {
                "item": "twf:spells_lower_d"
            }, 
            {
                "item": "twf:spells_lower_m"
            }, 
            {
                "item": "twf:spells_lower_o"
            }, 
            {
                "item": "twf:spells_lower_n"
            }, 
            {
                "item": "twf:spells_lower_s"
            }, 
            {
                "count": 2, 
                "item": "twf:spells_lower_r"
            }, 
            {
                "item": "twf:spells_lower_t"
            }
        ], 
        "result": {
            "item": "minecraft:armor_stand"
        }, 
        "tags": [
            "crafting_table"
        ]
    }
}