{
    "format_version": "1.12", 
    "minecraft:recipe_shapeless": {
        "description": {
            "identifier": "twf:spells_t_acacia_stairs_from_letters"
        }, 
        "ingredients": [
            {
                "count": 4, 
                "item": "twf:spells_lower_a"
            }, 
            {
                "count": 2, 
                "item": "twf:spells_lower_c"
            }, 
            {
                "count": 2, 
                "item": "twf:spells_lower_i"
            }, 
            {
                "count": 2, 
                "item": "twf:spells_lower_s"
            }, 
            {
                "item": "twf:spells_lower_r"
            }, 
            {
                "item": "twf:spells_lower_t"
            }
        ], 
        "result": {
            "item": "minecraft:acacia_stairs"
        }, 
        "tags": [
            "crafting_table"
        ]
    }
}