{
    "format_version": "1.10.0", 
    "minecraft:client_entity": {
        "description": {
            "animations": {
                "base_pose": "animation.model.base_pose"
            }, 
            "geometry": {
                "default": "geometry.spells_upper_g"
            }, 
            "identifier": "twf:spells_upper_g", 
            "materials": {
                "default": "entity"
            }, 
            "render_controllers": [
                "controller.render.default"
            ], 
            "scripts": {
                "animate": [
                    "base_pose"
                ]
            }, 
            "spawn_egg": {
                "base_color": "#FDFDFD", 
                "overlay_color": "#2AC9A5"
            }, 
            "textures": {
                "default": "textures/entities/spells_upper_g"
            }
        }
    }
}