{
    "format_version": "1.10.0", 
    "minecraft:client_entity": {
        "description": {
            "animations": {
                "base_pose": "animation.twf_moth.ground",
                "fly": "animation.twf_moth.flight"
            }, 
            "geometry": {
                "default": "geometry.twf_moth"
            }, 
            "identifier": "twf:moth", 
            "materials": {
                "default": "entity"
            }, 
            "render_controllers": [
                "controller.render.default"
            ], 
            "scripts": {
                "animate": [
                    {
                        "base_pose": "query.is_on_ground"
                    },
                    {
                        "fly": "!query.is_on_ground"
                    }
                ]
            }, 
            "spawn_egg": {
                "base_color": "#920557", 
                "overlay_color": "#C7FB49"
            }, 
			"textures": {
                "default": "textures/entities/moth"
			}
        }
    }
}