[
{
        "atlas_tile": "lavender_0_1", 
        "blend_frames": false, 
        "flipbook_texture": "textures/blocks/lavender_0_1/a", 
        "frames": [
            0, 
            1, 
            2, 
            3, 
            4, 
            5, 
            6, 
            7, 
            8, 
            9, 
            10, 
            11, 
            12, 
            13, 
            14, 
            15, 
            16, 
            17, 
            18, 
            19, 
            20, 
            21, 
            22, 
            23, 
            24, 
            25, 
            26, 
            27, 
            28, 
            29, 
            30, 
            31, 
            32, 
            33, 
            34, 
            35, 
            36, 
            37, 
            38, 
            39, 
            40, 
            41, 
            42, 
            43, 
            44, 
            45, 
            46, 
            47, 
            48, 
            49, 
            50, 
            51, 
            52, 
            53, 
            54, 
            55, 
            56, 
            57, 
            58, 
            59, 
            60, 
            61, 
            62, 
            63
        ], 
        "ticks_per_frame": 1
    }, 
    {
        "atlas_tile": "lavender_0_0", 
        "blend_frames": false, 
        "flipbook_texture": "textures/blocks/lavender_0_0/a", 
        "frames": [
            0, 
            1, 
            2, 
            3, 
            4, 
            5, 
            6, 
            7, 
            8, 
            9, 
            10, 
            11, 
            12, 
            13, 
            14, 
            15, 
            16, 
            17, 
            18, 
            19, 
            20, 
            21, 
            22, 
            23, 
            24, 
            25, 
            26, 
            27, 
            28, 
            29, 
            30, 
            31, 
            32, 
            33, 
            34, 
            35, 
            36, 
            37, 
            38, 
            39, 
            40, 
            41, 
            42, 
            43, 
            44, 
            45, 
            46, 
            47, 
            48, 
            49, 
            50, 
            51, 
            52, 
            53, 
            54, 
            55, 
            56, 
            57, 
            58, 
            59, 
            60, 
            61, 
            62, 
            63
        ], 
        "ticks_per_frame": 1
    }, 
    {
        "atlas_tile": "lavender_0_2", 
        "blend_frames": false, 
        "flipbook_texture": "textures/blocks/lavender_0_2/a", 
        "frames": [
            0, 
            1, 
            2, 
            3, 
            4, 
            5, 
            6, 
            7, 
            8, 
            9, 
            10, 
            11, 
            12, 
            13, 
            14, 
            15, 
            16, 
            17, 
            18, 
            19, 
            20, 
            21, 
            22, 
            23, 
            24, 
            25, 
            26, 
            27, 
            28, 
            29, 
            30, 
            31, 
            32, 
            33, 
            34, 
            35, 
            36, 
            37, 
            38, 
            39, 
            40, 
            41, 
            42, 
            43, 
            44, 
            45, 
            46, 
            47, 
            48, 
            49, 
            50, 
            51, 
            52, 
            53, 
            54, 
            55, 
            56, 
            57, 
            58, 
            59, 
            60, 
            61, 
            62, 
            63
        ], 
        "ticks_per_frame": 1
    }, 
    {
        "atlas_tile": "lavender_1_0", 
        "blend_frames": false, 
        "flipbook_texture": "textures/blocks/lavender_1_0/a", 
        "frames": [
            0, 
            1, 
            2, 
            3, 
            4, 
            5, 
            6, 
            7, 
            8, 
            9, 
            10, 
            11, 
            12, 
            13, 
            14, 
            15, 
            16, 
            17, 
            18, 
            19, 
            20, 
            21, 
            22, 
            23, 
            24, 
            25, 
            26, 
            27, 
            28, 
            29, 
            30, 
            31, 
            32, 
            33, 
            34, 
            35, 
            36, 
            37, 
            38, 
            39, 
            40, 
            41, 
            42, 
            43, 
            44, 
            45, 
            46, 
            47, 
            48, 
            49, 
            50, 
            51, 
            52, 
            53, 
            54, 
            55, 
            56, 
            57, 
            58, 
            59, 
            60, 
            61, 
            62, 
            63
        ], 
        "ticks_per_frame": 1
    }, 
    {
        "atlas_tile": "lavender_1_1", 
        "blend_frames": false, 
        "flipbook_texture": "textures/blocks/lavender_1_1/a", 
        "frames": [
            0, 
            1, 
            2, 
            3, 
            4, 
            5, 
            6, 
            7, 
            8, 
            9, 
            10, 
            11, 
            12, 
            13, 
            14, 
            15, 
            16, 
            17, 
            18, 
            19, 
            20, 
            21, 
            22, 
            23, 
            24, 
            25, 
            26, 
            27, 
            28, 
            29, 
            30, 
            31, 
            32, 
            33, 
            34, 
            35, 
            36, 
            37, 
            38, 
            39, 
            40, 
            41, 
            42, 
            43, 
            44, 
            45, 
            46, 
            47, 
            48, 
            49, 
            50, 
            51, 
            52, 
            53, 
            54, 
            55, 
            56, 
            57, 
            58, 
            59, 
            60, 
            61, 
            62, 
            63
        ], 
        "ticks_per_frame": 1
    }, 
    {
        "atlas_tile": "lavender_1_2", 
        "blend_frames": false, 
        "flipbook_texture": "textures/blocks/lavender_1_2/a", 
        "frames": [
            0, 
            1, 
            2, 
            3, 
            4, 
            5, 
            6, 
            7, 
            8, 
            9, 
            10, 
            11, 
            12, 
            13, 
            14, 
            15, 
            16, 
            17, 
            18, 
            19, 
            20, 
            21, 
            22, 
            23, 
            24, 
            25, 
            26, 
            27, 
            28, 
            29, 
            30, 
            31, 
            32, 
            33, 
            34, 
            35, 
            36, 
            37, 
            38, 
            39, 
            40, 
            41, 
            42, 
            43, 
            44, 
            45, 
            46, 
            47, 
            48, 
            49, 
            50, 
            51, 
            52, 
            53, 
            54, 
            55, 
            56, 
            57, 
            58, 
            59, 
            60, 
            61, 
            62, 
            63
        ], 
        "ticks_per_frame": 1
    }, 
    {
        "atlas_tile": "lavender_2_2", 
        "blend_frames": false, 
        "flipbook_texture": "textures/blocks/lavender_2_2/a", 
        "frames": [
            0, 
            1, 
            2, 
            3, 
            4, 
            5, 
            6, 
            7, 
            8, 
            9, 
            10, 
            11, 
            12, 
            13, 
            14, 
            15, 
            16, 
            17, 
            18, 
            19, 
            20, 
            21, 
            22, 
            23, 
            24, 
            25, 
            26, 
            27, 
            28, 
            29, 
            30, 
            31, 
            32, 
            33, 
            34, 
            35, 
            36, 
            37, 
            38, 
            39, 
            40, 
            41, 
            42, 
            43, 
            44, 
            45, 
            46, 
            47, 
            48, 
            49, 
            50, 
            51, 
            52, 
            53, 
            54, 
            55, 
            56, 
            57, 
            58, 
            59, 
            60, 
            61, 
            62, 
            63
        ], 
        "ticks_per_frame": 1
    }, 
    {
        "atlas_tile": "lavender_2_1", 
        "blend_frames": false, 
        "flipbook_texture": "textures/blocks/lavender_2_1/a", 
        "frames": [
            0, 
            1, 
            2, 
            3, 
            4, 
            5, 
            6, 
            7, 
            8, 
            9, 
            10, 
            11, 
            12, 
            13, 
            14, 
            15, 
            16, 
            17, 
            18, 
            19, 
            20, 
            21, 
            22, 
            23, 
            24, 
            25, 
            26, 
            27, 
            28, 
            29, 
            30, 
            31, 
            32, 
            33, 
            34, 
            35, 
            36, 
            37, 
            38, 
            39, 
            40, 
            41, 
            42, 
            43, 
            44, 
            45, 
            46, 
            47, 
            48, 
            49, 
            50, 
            51, 
            52, 
            53, 
            54, 
            55, 
            56, 
            57, 
            58, 
            59, 
            60, 
            61, 
            62, 
            63
        ], 
        "ticks_per_frame": 1
    }, 
    {
        "atlas_tile": "lavender_2_0", 
        "blend_frames": false, 
        "flipbook_texture": "textures/blocks/lavender_2_0/a", 
        "frames": [
            0, 
            1, 
            2, 
            3, 
            4, 
            5, 
            6, 
            7, 
            8, 
            9, 
            10, 
            11, 
            12, 
            13, 
            14, 
            15, 
            16, 
            17, 
            18, 
            19, 
            20, 
            21, 
            22, 
            23, 
            24, 
            25, 
            26, 
            27, 
            28, 
            29, 
            30, 
            31, 
            32, 
            33, 
            34, 
            35, 
            36, 
            37, 
            38, 
            39, 
            40, 
            41, 
            42, 
            43, 
            44, 
            45, 
            46, 
            47, 
            48, 
            49, 
            50, 
            51, 
            52, 
            53, 
            54, 
            55, 
            56, 
            57, 
            58, 
            59, 
            60, 
            61, 
            62, 
            63
        ], 
        "ticks_per_frame": 1
    },
    {
        "atlas_tile": "oil_2_1", 
        "blend_frames": false, 
        "flipbook_texture": "textures/blocks/oil_2_1/a", 
        "frames": [
            0, 
            1, 
            2, 
            3, 
            4, 
            5, 
            6, 
            7, 
            8, 
            9, 
            10, 
            11, 
            12, 
            13, 
            14, 
            15, 
            16, 
            17, 
            18, 
            19, 
            20, 
            21, 
            22, 
            23, 
            24, 
            25, 
            26, 
            27, 
            28, 
            29
        ], 
        "ticks_per_frame": 1
    }, 
    {
        "atlas_tile": "oil_2_0", 
        "blend_frames": false, 
        "flipbook_texture": "textures/blocks/oil_2_0/a", 
        "frames": [
            0, 
            1, 
            2, 
            3, 
            4, 
            5, 
            6, 
            7, 
            8, 
            9, 
            10, 
            11, 
            12, 
            13, 
            14, 
            15, 
            16, 
            17, 
            18, 
            19, 
            20, 
            21, 
            22, 
            23, 
            24, 
            25, 
            26, 
            27, 
            28, 
            29
        ], 
        "ticks_per_frame": 1
    }, 
    {
        "atlas_tile": "oil_2_2", 
        "blend_frames": false, 
        "flipbook_texture": "textures/blocks/oil_2_2/a", 
        "frames": [
            0, 
            1, 
            2, 
            3, 
            4, 
            5, 
            6, 
            7, 
            8, 
            9, 
            10, 
            11, 
            12, 
            13, 
            14, 
            15, 
            16, 
            17, 
            18, 
            19, 
            20, 
            21, 
            22, 
            23, 
            24, 
            25, 
            26, 
            27, 
            28, 
            29
        ], 
        "ticks_per_frame": 1
    }, 
    {
        "atlas_tile": "oil_1_2", 
        "blend_frames": false, 
        "flipbook_texture": "textures/blocks/oil_1_2/a", 
        "frames": [
            0, 
            1, 
            2, 
            3, 
            4, 
            5, 
            6, 
            7, 
            8, 
            9, 
            10, 
            11, 
            12, 
            13, 
            14, 
            15, 
            16, 
            17, 
            18, 
            19, 
            20, 
            21, 
            22, 
            23, 
            24, 
            25, 
            26, 
            27, 
            28, 
            29
        ], 
        "ticks_per_frame": 1
    }, 
    {
        "atlas_tile": "oil_1_0", 
        "blend_frames": false, 
        "flipbook_texture": "textures/blocks/oil_1_0/a", 
        "frames": [
            0, 
            1, 
            2, 
            3, 
            4, 
            5, 
            6, 
            7, 
            8, 
            9, 
            10, 
            11, 
            12, 
            13, 
            14, 
            15, 
            16, 
            17, 
            18, 
            19, 
            20, 
            21, 
            22, 
            23, 
            24, 
            25, 
            26, 
            27, 
            28, 
            29
        ], 
        "ticks_per_frame": 1
    }, 
    {
        "atlas_tile": "oil_1_1", 
        "blend_frames": false, 
        "flipbook_texture": "textures/blocks/oil_1_1/a", 
        "frames": [
            0, 
            1, 
            2, 
            3, 
            4, 
            5, 
            6, 
            7, 
            8, 
            9, 
            10, 
            11, 
            12, 
            13, 
            14, 
            15, 
            16, 
            17, 
            18, 
            19, 
            20, 
            21, 
            22, 
            23, 
            24, 
            25, 
            26, 
            27, 
            28, 
            29
        ], 
        "ticks_per_frame": 1
    }, 
    {
        "atlas_tile": "oil_0_2", 
        "blend_frames": false, 
        "flipbook_texture": "textures/blocks/oil_0_2/a", 
        "frames": [
            0, 
            1, 
            2, 
            3, 
            4, 
            5, 
            6, 
            7, 
            8, 
            9, 
            10, 
            11, 
            12, 
            13, 
            14, 
            15, 
            16, 
            17, 
            18, 
            19, 
            20, 
            21, 
            22, 
            23, 
            24, 
            25, 
            26, 
            27, 
            28, 
            29
        ], 
        "ticks_per_frame": 1
    }, 
    {
        "atlas_tile": "oil_0_1", 
        "blend_frames": false, 
        "flipbook_texture": "textures/blocks/oil_0_1/a", 
        "frames": [
            0, 
            1, 
            2, 
            3, 
            4, 
            5, 
            6, 
            7, 
            8, 
            9, 
            10, 
            11, 
            12, 
            13, 
            14, 
            15, 
            16, 
            17, 
            18, 
            19, 
            20, 
            21, 
            22, 
            23, 
            24, 
            25, 
            26, 
            27, 
            28, 
            29
        ], 
        "ticks_per_frame": 1
    }, 
    {
        "atlas_tile": "oil_0_0", 
        "blend_frames": false, 
        "flipbook_texture": "textures/blocks/oil_0_0/a", 
        "frames": [
            0, 
            1, 
            2, 
            3, 
            4, 
            5, 
            6, 
            7, 
            8, 
            9, 
            10, 
            11, 
            12, 
            13, 
            14, 
            15, 
            16, 
            17, 
            18, 
            19, 
            20, 
            21, 
            22, 
            23, 
            24, 
            25, 
            26, 
            27, 
            28, 
            29
        ], 
        "ticks_per_frame": 1
    },    
    {
        "atlas_tile": "twf_output4638028600", 
        "flipbook_texture": "textures/blocks/twf_output4638028600/a", 
        "ticks_per_frame": "2"
    },
    {
        "atlas_tile": "twf_output7564670460", 
        "flipbook_texture": "textures/blocks/twf_output7564670460/a", 
        "ticks_per_frame": "2"
    },
    {
        "atlas_tile": "twf_output8946837583", 
        "flipbook_texture": "textures/blocks/twf_output8946837583/a", 
        "ticks_per_frame": "1"
    },
    {
        "atlas_tile": "twf_output5640119400", 
        "flipbook_texture": "textures/blocks/twf_output5640119400/a", 
        "ticks_per_frame": "1"
    },
    {
        "atlas_tile": "twf_output4424124846", 
        "flipbook_texture": "textures/blocks/twf_output4424124846/a", 
        "ticks_per_frame": "2"
    },
    {
        "atlas_tile": "eyetwoframes", 
        "blend_frames": true, 
        "flipbook_texture": "textures/blocks/eyetwoframes/a", 
        "frames": [
            0, 
            0, 
            0, 
            0, 
            1, 
            1, 
            0, 
            0, 
            1, 
            1, 
            0, 
            0, 
            0, 
            0, 
            0, 
            0, 
            1, 
            1, 
            1, 
            0, 
            1, 
            1, 
            1, 
            0, 
            0, 
            1, 
            0, 
            0, 
            1, 
            0, 
            0, 
            1, 
            1, 
            0, 
            0, 
            0, 
            0, 
            0, 
            1, 
            0, 
            0, 
            0, 
            0, 
            1, 
            0, 
            0, 
            0, 
            0, 
            0, 
            0, 
            1, 
            1, 
            0, 
            1, 
            0, 
            1, 
            0, 
            0, 
            1, 
            0, 
            1, 
            1, 
            1, 
            1, 
            0, 
            1, 
            1, 
            1, 
            1, 
            0, 
            0, 
            1, 
            1, 
            0, 
            1, 
            1, 
            1, 
            0, 
            1, 
            1, 
            0, 
            1, 
            0, 
            1, 
            1, 
            0, 
            1, 
            0, 
            1, 
            1, 
            1, 
            0
        ], 
        "ticks_per_frame": 67
    }, 
    {
        "atlas_tile": "eyetwoframes1", 
        "blend_frames": true, 
        "flipbook_texture": "textures/blocks/eyetwoframes1/a", 
        "frames": [
            0, 
            0, 
            1, 
            1, 
            1, 
            0, 
            0, 
            0, 
            0, 
            1, 
            0, 
            0, 
            1, 
            0, 
            0, 
            0, 
            1, 
            0, 
            1, 
            0, 
            0, 
            1, 
            1, 
            0, 
            0, 
            1, 
            1, 
            1, 
            1, 
            1, 
            0, 
            0, 
            0, 
            0, 
            0, 
            1, 
            0, 
            1, 
            1, 
            0, 
            1, 
            0, 
            0, 
            1, 
            0, 
            1, 
            0, 
            0, 
            0, 
            1, 
            0, 
            1, 
            1, 
            0, 
            1
        ], 
        "ticks_per_frame": 57
    }, 
    {
        "atlas_tile": "eyefourframes", 
        "blend_frames": true, 
        "flipbook_texture": "textures/blocks/eyefourframes/a", 
        "frames": [
            2, 
            0, 
            1, 
            3, 
            3, 
            2, 
            3, 
            2, 
            1, 
            3, 
            2, 
            2, 
            1, 
            3, 
            1, 
            2, 
            2, 
            2, 
            3, 
            0, 
            1, 
            2, 
            2, 
            1, 
            3, 
            1, 
            3, 
            0, 
            0, 
            1, 
            2, 
            3, 
            1, 
            2, 
            2, 
            2, 
            1, 
            2, 
            2, 
            2, 
            2, 
            3, 
            0, 
            1, 
            1, 
            3, 
            2, 
            2, 
            2, 
            2, 
            3, 
            2, 
            2, 
            2, 
            1, 
            0, 
            1, 
            1, 
            3, 
            2, 
            2, 
            2, 
            1, 
            3, 
            3, 
            3, 
            1, 
            2, 
            3
        ], 
        "ticks_per_frame": 37
    }, 
    {
        "atlas_tile": "eyefourframes1", 
        "blend_frames": true, 
        "flipbook_texture": "textures/blocks/eyefourframes1/a", 
        "frames": [
            3, 
            3, 
            1, 
            1, 
            2, 
            0, 
            3, 
            2, 
            1, 
            0, 
            1, 
            0, 
            1, 
            0, 
            0, 
            2, 
            1, 
            3, 
            1, 
            0, 
            2, 
            0, 
            0, 
            2, 
            2, 
            1, 
            2, 
            0, 
            3, 
            2, 
            3, 
            1, 
            2, 
            1, 
            1, 
            2, 
            3, 
            1, 
            3, 
            2, 
            3, 
            2, 
            3, 
            2, 
            1, 
            3, 
            0, 
            0, 
            1, 
            0, 
            0, 
            3, 
            3, 
            0, 
            2, 
            3, 
            0, 
            1, 
            3, 
            1, 
            1, 
            3, 
            3, 
            0, 
            2, 
            0, 
            3, 
            1, 
            3, 
            2, 
            3, 
            1, 
            1, 
            1, 
            2, 
            0, 
            3, 
            2, 
            0, 
            3, 
            0, 
            0, 
            1, 
            2, 
            1, 
            2, 
            2, 
            2, 
            2, 
            3, 
            2, 
            3, 
            0, 
            3, 
            1, 
            0, 
            3, 
            3, 
            1, 
            1, 
            0, 
            3, 
            3, 
            0, 
            0, 
            3, 
            2, 
            3, 
            1, 
            3, 
            2
        ], 
        "ticks_per_frame": 76
    }, 
    {
        "atlas_tile": "eyefourframes3", 
        "blend_frames": true, 
        "flipbook_texture": "textures/blocks/eyefourframes3/a", 
        "frames": [
            2, 
            3, 
            1, 
            0, 
            0, 
            2, 
            0, 
            2, 
            1, 
            0, 
            1, 
            1, 
            1, 
            1, 
            1, 
            2, 
            3, 
            1, 
            3, 
            0, 
            2, 
            0, 
            0, 
            1, 
            0, 
            2, 
            1, 
            3, 
            2, 
            3, 
            2, 
            2, 
            2, 
            0, 
            3, 
            2, 
            3, 
            3, 
            1, 
            1, 
            2, 
            0, 
            2, 
            1, 
            2, 
            2, 
            3, 
            0, 
            1, 
            2, 
            1, 
            2, 
            0, 
            0, 
            1, 
            2, 
            1, 
            1, 
            0, 
            3, 
            3, 
            3
        ], 
        "ticks_per_frame": 75
    }, 
    {
        "atlas_tile": "eyefourframes2", 
        "blend_frames": true, 
        "flipbook_texture": "textures/blocks/eyefourframes2/a", 
        "frames": [
            1, 
            1, 
            3, 
            0, 
            1, 
            1, 
            0, 
            1, 
            1, 
            3, 
            0, 
            1, 
            3, 
            3, 
            0, 
            1, 
            2, 
            1, 
            1, 
            1, 
            1, 
            2, 
            2, 
            0, 
            3, 
            2, 
            1, 
            1, 
            1, 
            3, 
            3, 
            3, 
            2, 
            3, 
            2, 
            0, 
            0, 
            0, 
            0, 
            2, 
            1, 
            2, 
            3, 
            1, 
            1, 
            2, 
            1, 
            3, 
            1, 
            0, 
            2, 
            2, 
            2, 
            3, 
            1, 
            2, 
            1, 
            1, 
            0, 
            2, 
            0, 
            1, 
            2, 
            0, 
            2, 
            1, 
            3, 
            1, 
            0, 
            1, 
            1, 
            2, 
            3, 
            2, 
            1, 
            0, 
            1, 
            0, 
            1, 
            1, 
            0, 
            1, 
            3, 
            1, 
            3, 
            3, 
            1, 
            0, 
            3, 
            1, 
            3, 
            3, 
            3, 
            3, 
            3
        ], 
        "ticks_per_frame": 77
    }, 
    {
        "atlas_tile": "eyebase", 
        "blend_frames": true, 
        "flipbook_texture": "textures/blocks/eyebase/a", 
        "frames": [
            0, 
            0, 
            0, 
            0, 
            0, 
            0, 
            0, 
            0, 
            0, 
            0, 
            0, 
            0, 
            0, 
            0, 
            0, 
            0, 
            0, 
            0, 
            0, 
            0, 
            0, 
            0, 
            0, 
            0, 
            0, 
            0, 
            0, 
            0, 
            0, 
            0, 
            0, 
            0, 
            0, 
            0, 
            0, 
            0, 
            0, 
            0, 
            0, 
            0, 
            0, 
            0, 
            0, 
            0, 
            0, 
            0, 
            0
        ], 
        "ticks_per_frame": 39
    },
    {
        "atlas_tile": "purtal_0_2", 
        "blend_frames": false, 
        "flipbook_texture": "textures/blocks/purtal_0_2/a", 
        "frames": [
            0, 
            1, 
            2, 
            3, 
            4, 
            5, 
            6, 
            7, 
            8, 
            9, 
            10, 
            11, 
            12, 
            13, 
            14, 
            15, 
            16, 
            17, 
            18, 
            19, 
            20, 
            21, 
            22, 
            23, 
            24, 
            25, 
            26, 
            27, 
            28, 
            29, 
            30, 
            31, 
            32, 
            33, 
            34, 
            35, 
            36, 
            37, 
            38, 
            39, 
            40, 
            41, 
            42, 
            43, 
            44, 
            45, 
            46, 
            47, 
            48, 
            49, 
            50, 
            51, 
            52, 
            53, 
            54, 
            55, 
            56, 
            57, 
            58, 
            59, 
            60, 
            61, 
            62, 
            63
        ], 
        "ticks_per_frame": 1
    }, 
    {
        "atlas_tile": "purtal_0_0", 
        "blend_frames": false, 
        "flipbook_texture": "textures/blocks/purtal_0_0/a", 
        "frames": [
            0, 
            1, 
            2, 
            3, 
            4, 
            5, 
            6, 
            7, 
            8, 
            9, 
            10, 
            11, 
            12, 
            13, 
            14, 
            15, 
            16, 
            17, 
            18, 
            19, 
            20, 
            21, 
            22, 
            23, 
            24, 
            25, 
            26, 
            27, 
            28, 
            29, 
            30, 
            31, 
            32, 
            33, 
            34, 
            35, 
            36, 
            37, 
            38, 
            39, 
            40, 
            41, 
            42, 
            43, 
            44, 
            45, 
            46, 
            47, 
            48, 
            49, 
            50, 
            51, 
            52, 
            53, 
            54, 
            55, 
            56, 
            57, 
            58, 
            59, 
            60, 
            61, 
            62, 
            63
        ], 
        "ticks_per_frame": 1
    }, 
    {
        "atlas_tile": "purtal_0_1", 
        "blend_frames": false, 
        "flipbook_texture": "textures/blocks/purtal_0_1/a", 
        "frames": [
            0, 
            1, 
            2, 
            3, 
            4, 
            5, 
            6, 
            7, 
            8, 
            9, 
            10, 
            11, 
            12, 
            13, 
            14, 
            15, 
            16, 
            17, 
            18, 
            19, 
            20, 
            21, 
            22, 
            23, 
            24, 
            25, 
            26, 
            27, 
            28, 
            29, 
            30, 
            31, 
            32, 
            33, 
            34, 
            35, 
            36, 
            37, 
            38, 
            39, 
            40, 
            41, 
            42, 
            43, 
            44, 
            45, 
            46, 
            47, 
            48, 
            49, 
            50, 
            51, 
            52, 
            53, 
            54, 
            55, 
            56, 
            57, 
            58, 
            59, 
            60, 
            61, 
            62, 
            63
        ], 
        "ticks_per_frame": 1
    }, 
    {
        "atlas_tile": "purtal_2_0", 
        "blend_frames": false, 
        "flipbook_texture": "textures/blocks/purtal_2_0/a", 
        "frames": [
            0, 
            1, 
            2, 
            3, 
            4, 
            5, 
            6, 
            7, 
            8, 
            9, 
            10, 
            11, 
            12, 
            13, 
            14, 
            15, 
            16, 
            17, 
            18, 
            19, 
            20, 
            21, 
            22, 
            23, 
            24, 
            25, 
            26, 
            27, 
            28, 
            29, 
            30, 
            31, 
            32, 
            33, 
            34, 
            35, 
            36, 
            37, 
            38, 
            39, 
            40, 
            41, 
            42, 
            43, 
            44, 
            45, 
            46, 
            47, 
            48, 
            49, 
            50, 
            51, 
            52, 
            53, 
            54, 
            55, 
            56, 
            57, 
            58, 
            59, 
            60, 
            61, 
            62, 
            63
        ], 
        "ticks_per_frame": 1
    }, 
    {
        "atlas_tile": "purtal_2_1", 
        "blend_frames": false, 
        "flipbook_texture": "textures/blocks/purtal_2_1/a", 
        "frames": [
            0, 
            1, 
            2, 
            3, 
            4, 
            5, 
            6, 
            7, 
            8, 
            9, 
            10, 
            11, 
            12, 
            13, 
            14, 
            15, 
            16, 
            17, 
            18, 
            19, 
            20, 
            21, 
            22, 
            23, 
            24, 
            25, 
            26, 
            27, 
            28, 
            29, 
            30, 
            31, 
            32, 
            33, 
            34, 
            35, 
            36, 
            37, 
            38, 
            39, 
            40, 
            41, 
            42, 
            43, 
            44, 
            45, 
            46, 
            47, 
            48, 
            49, 
            50, 
            51, 
            52, 
            53, 
            54, 
            55, 
            56, 
            57, 
            58, 
            59, 
            60, 
            61, 
            62, 
            63
        ], 
        "ticks_per_frame": 1
    }, 
    {
        "atlas_tile": "purtal_2_2", 
        "blend_frames": false, 
        "flipbook_texture": "textures/blocks/purtal_2_2/a", 
        "frames": [
            0, 
            1, 
            2, 
            3, 
            4, 
            5, 
            6, 
            7, 
            8, 
            9, 
            10, 
            11, 
            12, 
            13, 
            14, 
            15, 
            16, 
            17, 
            18, 
            19, 
            20, 
            21, 
            22, 
            23, 
            24, 
            25, 
            26, 
            27, 
            28, 
            29, 
            30, 
            31, 
            32, 
            33, 
            34, 
            35, 
            36, 
            37, 
            38, 
            39, 
            40, 
            41, 
            42, 
            43, 
            44, 
            45, 
            46, 
            47, 
            48, 
            49, 
            50, 
            51, 
            52, 
            53, 
            54, 
            55, 
            56, 
            57, 
            58, 
            59, 
            60, 
            61, 
            62, 
            63
        ], 
        "ticks_per_frame": 1
    }, 
    {
        "atlas_tile": "purtal_1_2", 
        "blend_frames": false, 
        "flipbook_texture": "textures/blocks/purtal_1_2/a", 
        "frames": [
            0, 
            1, 
            2, 
            3, 
            4, 
            5, 
            6, 
            7, 
            8, 
            9, 
            10, 
            11, 
            12, 
            13, 
            14, 
            15, 
            16, 
            17, 
            18, 
            19, 
            20, 
            21, 
            22, 
            23, 
            24, 
            25, 
            26, 
            27, 
            28, 
            29, 
            30, 
            31, 
            32, 
            33, 
            34, 
            35, 
            36, 
            37, 
            38, 
            39, 
            40, 
            41, 
            42, 
            43, 
            44, 
            45, 
            46, 
            47, 
            48, 
            49, 
            50, 
            51, 
            52, 
            53, 
            54, 
            55, 
            56, 
            57, 
            58, 
            59, 
            60, 
            61, 
            62, 
            63
        ], 
        "ticks_per_frame": 1
    }, 
    {
        "atlas_tile": "purtal_1_1", 
        "blend_frames": false, 
        "flipbook_texture": "textures/blocks/purtal_1_1/a", 
        "frames": [
            0, 
            1, 
            2, 
            3, 
            4, 
            5, 
            6, 
            7, 
            8, 
            9, 
            10, 
            11, 
            12, 
            13, 
            14, 
            15, 
            16, 
            17, 
            18, 
            19, 
            20, 
            21, 
            22, 
            23, 
            24, 
            25, 
            26, 
            27, 
            28, 
            29, 
            30, 
            31, 
            32, 
            33, 
            34, 
            35, 
            36, 
            37, 
            38, 
            39, 
            40, 
            41, 
            42, 
            43, 
            44, 
            45, 
            46, 
            47, 
            48, 
            49, 
            50, 
            51, 
            52, 
            53, 
            54, 
            55, 
            56, 
            57, 
            58, 
            59, 
            60, 
            61, 
            62, 
            63
        ], 
        "ticks_per_frame": 1
    }, 
    {
        "atlas_tile": "purtal_1_0", 
        "blend_frames": false, 
        "flipbook_texture": "textures/blocks/purtal_1_0/a", 
        "frames": [
            0, 
            1, 
            2, 
            3, 
            4, 
            5, 
            6, 
            7, 
            8, 
            9, 
            10, 
            11, 
            12, 
            13, 
            14, 
            15, 
            16, 
            17, 
            18, 
            19, 
            20, 
            21, 
            22, 
            23, 
            24, 
            25, 
            26, 
            27, 
            28, 
            29, 
            30, 
            31, 
            32, 
            33, 
            34, 
            35, 
            36, 
            37, 
            38, 
            39, 
            40, 
            41, 
            42, 
            43, 
            44, 
            45, 
            46, 
            47, 
            48, 
            49, 
            50, 
            51, 
            52, 
            53, 
            54, 
            55, 
            56, 
            57, 
            58, 
            59, 
            60, 
            61, 
            62, 
            63
        ], 
        "ticks_per_frame": 1
    },
    {
        "atlas_tile": "underhall_pu_5_4", 
        "blend_frames": false, 
        "flipbook_texture": "textures/blocks/underhall_pu_5_4/a", 
        "frames": [
            0, 
            1, 
            2, 
            3, 
            4, 
            5, 
            6, 
            7, 
            8, 
            9, 
            10, 
            11, 
            12, 
            13, 
            14, 
            15, 
            16, 
            17, 
            18, 
            19, 
            20, 
            21, 
            22, 
            23, 
            24, 
            25, 
            26, 
            27, 
            28, 
            29, 
            30, 
            31
        ], 
        "ticks_per_frame": 1
    }, 
    {
        "atlas_tile": "underhall_pu_5_5", 
        "blend_frames": false, 
        "flipbook_texture": "textures/blocks/underhall_pu_5_5/a", 
        "frames": [
            0, 
            1, 
            2, 
            3, 
            4, 
            5, 
            6, 
            7, 
            8, 
            9, 
            10, 
            11, 
            12, 
            13, 
            14, 
            15, 
            16, 
            17, 
            18, 
            19, 
            20, 
            21, 
            22, 
            23, 
            24, 
            25, 
            26, 
            27, 
            28, 
            29, 
            30, 
            31
        ], 
        "ticks_per_frame": 1
    }, 
    {
        "atlas_tile": "underhall_pu_5_2", 
        "blend_frames": false, 
        "flipbook_texture": "textures/blocks/underhall_pu_5_2/a", 
        "frames": [
            0, 
            1, 
            2, 
            3, 
            4, 
            5, 
            6, 
            7, 
            8, 
            9, 
            10, 
            11, 
            12, 
            13, 
            14, 
            15, 
            16, 
            17, 
            18, 
            19, 
            20, 
            21, 
            22, 
            23, 
            24, 
            25, 
            26, 
            27, 
            28, 
            29, 
            30, 
            31
        ], 
        "ticks_per_frame": 1
    }, 
    {
        "atlas_tile": "underhall_pu_5_3", 
        "blend_frames": false, 
        "flipbook_texture": "textures/blocks/underhall_pu_5_3/a", 
        "frames": [
            0, 
            1, 
            2, 
            3, 
            4, 
            5, 
            6, 
            7, 
            8, 
            9, 
            10, 
            11, 
            12, 
            13, 
            14, 
            15, 
            16, 
            17, 
            18, 
            19, 
            20, 
            21, 
            22, 
            23, 
            24, 
            25, 
            26, 
            27, 
            28, 
            29, 
            30, 
            31
        ], 
        "ticks_per_frame": 1
    }, 
    {
        "atlas_tile": "underhall_pu_5_0", 
        "blend_frames": false, 
        "flipbook_texture": "textures/blocks/underhall_pu_5_0/a", 
        "frames": [
            0, 
            1, 
            2, 
            3, 
            4, 
            5, 
            6, 
            7, 
            8, 
            9, 
            10, 
            11, 
            12, 
            13, 
            14, 
            15, 
            16, 
            17, 
            18, 
            19, 
            20, 
            21, 
            22, 
            23, 
            24, 
            25, 
            26, 
            27, 
            28, 
            29, 
            30, 
            31
        ], 
        "ticks_per_frame": 1
    }, 
    {
        "atlas_tile": "underhall_pu_5_1", 
        "blend_frames": false, 
        "flipbook_texture": "textures/blocks/underhall_pu_5_1/a", 
        "frames": [
            0, 
            1, 
            2, 
            3, 
            4, 
            5, 
            6, 
            7, 
            8, 
            9, 
            10, 
            11, 
            12, 
            13, 
            14, 
            15, 
            16, 
            17, 
            18, 
            19, 
            20, 
            21, 
            22, 
            23, 
            24, 
            25, 
            26, 
            27, 
            28, 
            29, 
            30, 
            31
        ], 
        "ticks_per_frame": 1
    }, 
    {
        "atlas_tile": "underhall_pu_4_5", 
        "blend_frames": false, 
        "flipbook_texture": "textures/blocks/underhall_pu_4_5/a", 
        "frames": [
            0, 
            1, 
            2, 
            3, 
            4, 
            5, 
            6, 
            7, 
            8, 
            9, 
            10, 
            11, 
            12, 
            13, 
            14, 
            15, 
            16, 
            17, 
            18, 
            19, 
            20, 
            21, 
            22, 
            23, 
            24, 
            25, 
            26, 
            27, 
            28, 
            29, 
            30, 
            31
        ], 
        "ticks_per_frame": 1
    }, 
    {
        "atlas_tile": "underhall_pu_4_4", 
        "blend_frames": false, 
        "flipbook_texture": "textures/blocks/underhall_pu_4_4/a", 
        "frames": [
            0, 
            1, 
            2, 
            3, 
            4, 
            5, 
            6, 
            7, 
            8, 
            9, 
            10, 
            11, 
            12, 
            13, 
            14, 
            15, 
            16, 
            17, 
            18, 
            19, 
            20, 
            21, 
            22, 
            23, 
            24, 
            25, 
            26, 
            27, 
            28, 
            29, 
            30, 
            31
        ], 
        "ticks_per_frame": 1
    }, 
    {
        "atlas_tile": "underhall_pu_4_3", 
        "blend_frames": false, 
        "flipbook_texture": "textures/blocks/underhall_pu_4_3/a", 
        "frames": [
            0, 
            1, 
            2, 
            3, 
            4, 
            5, 
            6, 
            7, 
            8, 
            9, 
            10, 
            11, 
            12, 
            13, 
            14, 
            15, 
            16, 
            17, 
            18, 
            19, 
            20, 
            21, 
            22, 
            23, 
            24, 
            25, 
            26, 
            27, 
            28, 
            29, 
            30, 
            31
        ], 
        "ticks_per_frame": 1
    }, 
    {
        "atlas_tile": "underhall_pu_4_2", 
        "blend_frames": false, 
        "flipbook_texture": "textures/blocks/underhall_pu_4_2/a", 
        "frames": [
            0, 
            1, 
            2, 
            3, 
            4, 
            5, 
            6, 
            7, 
            8, 
            9, 
            10, 
            11, 
            12, 
            13, 
            14, 
            15, 
            16, 
            17, 
            18, 
            19, 
            20, 
            21, 
            22, 
            23, 
            24, 
            25, 
            26, 
            27, 
            28, 
            29, 
            30, 
            31
        ], 
        "ticks_per_frame": 1
    }, 
    {
        "atlas_tile": "underhall_pu_4_1", 
        "blend_frames": false, 
        "flipbook_texture": "textures/blocks/underhall_pu_4_1/a", 
        "frames": [
            0, 
            1, 
            2, 
            3, 
            4, 
            5, 
            6, 
            7, 
            8, 
            9, 
            10, 
            11, 
            12, 
            13, 
            14, 
            15, 
            16, 
            17, 
            18, 
            19, 
            20, 
            21, 
            22, 
            23, 
            24, 
            25, 
            26, 
            27, 
            28, 
            29, 
            30, 
            31
        ], 
        "ticks_per_frame": 1
    }, 
    {
        "atlas_tile": "underhall_pu_4_0", 
        "blend_frames": false, 
        "flipbook_texture": "textures/blocks/underhall_pu_4_0/a", 
        "frames": [
            0, 
            1, 
            2, 
            3, 
            4, 
            5, 
            6, 
            7, 
            8, 
            9, 
            10, 
            11, 
            12, 
            13, 
            14, 
            15, 
            16, 
            17, 
            18, 
            19, 
            20, 
            21, 
            22, 
            23, 
            24, 
            25, 
            26, 
            27, 
            28, 
            29, 
            30, 
            31
        ], 
        "ticks_per_frame": 1
    }, 
    {
        "atlas_tile": "underhall_pu_2_5", 
        "blend_frames": false, 
        "flipbook_texture": "textures/blocks/underhall_pu_2_5/a", 
        "frames": [
            0, 
            1, 
            2, 
            3, 
            4, 
            5, 
            6, 
            7, 
            8, 
            9, 
            10, 
            11, 
            12, 
            13, 
            14, 
            15, 
            16, 
            17, 
            18, 
            19, 
            20, 
            21, 
            22, 
            23, 
            24, 
            25, 
            26, 
            27, 
            28, 
            29, 
            30, 
            31
        ], 
        "ticks_per_frame": 1
    }, 
    {
        "atlas_tile": "underhall_pu_2_4", 
        "blend_frames": false, 
        "flipbook_texture": "textures/blocks/underhall_pu_2_4/a", 
        "frames": [
            0, 
            1, 
            2, 
            3, 
            4, 
            5, 
            6, 
            7, 
            8, 
            9, 
            10, 
            11, 
            12, 
            13, 
            14, 
            15, 
            16, 
            17, 
            18, 
            19, 
            20, 
            21, 
            22, 
            23, 
            24, 
            25, 
            26, 
            27, 
            28, 
            29, 
            30, 
            31
        ], 
        "ticks_per_frame": 1
    }, 
    {
        "atlas_tile": "underhall_pu_2_1", 
        "blend_frames": false, 
        "flipbook_texture": "textures/blocks/underhall_pu_2_1/a", 
        "frames": [
            0, 
            1, 
            2, 
            3, 
            4, 
            5, 
            6, 
            7, 
            8, 
            9, 
            10, 
            11, 
            12, 
            13, 
            14, 
            15, 
            16, 
            17, 
            18, 
            19, 
            20, 
            21, 
            22, 
            23, 
            24, 
            25, 
            26, 
            27, 
            28, 
            29, 
            30, 
            31
        ], 
        "ticks_per_frame": 1
    }, 
    {
        "atlas_tile": "underhall_pu_2_0", 
        "blend_frames": false, 
        "flipbook_texture": "textures/blocks/underhall_pu_2_0/a", 
        "frames": [
            0, 
            1, 
            2, 
            3, 
            4, 
            5, 
            6, 
            7, 
            8, 
            9, 
            10, 
            11, 
            12, 
            13, 
            14, 
            15, 
            16, 
            17, 
            18, 
            19, 
            20, 
            21, 
            22, 
            23, 
            24, 
            25, 
            26, 
            27, 
            28, 
            29, 
            30, 
            31
        ], 
        "ticks_per_frame": 1
    }, 
    {
        "atlas_tile": "underhall_pu_2_3", 
        "blend_frames": false, 
        "flipbook_texture": "textures/blocks/underhall_pu_2_3/a", 
        "frames": [
            0, 
            1, 
            2, 
            3, 
            4, 
            5, 
            6, 
            7, 
            8, 
            9, 
            10, 
            11, 
            12, 
            13, 
            14, 
            15, 
            16, 
            17, 
            18, 
            19, 
            20, 
            21, 
            22, 
            23, 
            24, 
            25, 
            26, 
            27, 
            28, 
            29, 
            30, 
            31
        ], 
        "ticks_per_frame": 1
    }, 
    {
        "atlas_tile": "underhall_pu_2_2", 
        "blend_frames": false, 
        "flipbook_texture": "textures/blocks/underhall_pu_2_2/a", 
        "frames": [
            0, 
            1, 
            2, 
            3, 
            4, 
            5, 
            6, 
            7, 
            8, 
            9, 
            10, 
            11, 
            12, 
            13, 
            14, 
            15, 
            16, 
            17, 
            18, 
            19, 
            20, 
            21, 
            22, 
            23, 
            24, 
            25, 
            26, 
            27, 
            28, 
            29, 
            30, 
            31
        ], 
        "ticks_per_frame": 1
    }, 
    {
        "atlas_tile": "underhall_pu_1_2", 
        "blend_frames": false, 
        "flipbook_texture": "textures/blocks/underhall_pu_1_2/a", 
        "frames": [
            0, 
            1, 
            2, 
            3, 
            4, 
            5, 
            6, 
            7, 
            8, 
            9, 
            10, 
            11, 
            12, 
            13, 
            14, 
            15, 
            16, 
            17, 
            18, 
            19, 
            20, 
            21, 
            22, 
            23, 
            24, 
            25, 
            26, 
            27, 
            28, 
            29, 
            30, 
            31
        ], 
        "ticks_per_frame": 1
    }, 
    {
        "atlas_tile": "underhall_pu_1_3", 
        "blend_frames": false, 
        "flipbook_texture": "textures/blocks/underhall_pu_1_3/a", 
        "frames": [
            0, 
            1, 
            2, 
            3, 
            4, 
            5, 
            6, 
            7, 
            8, 
            9, 
            10, 
            11, 
            12, 
            13, 
            14, 
            15, 
            16, 
            17, 
            18, 
            19, 
            20, 
            21, 
            22, 
            23, 
            24, 
            25, 
            26, 
            27, 
            28, 
            29, 
            30, 
            31
        ], 
        "ticks_per_frame": 1
    }, 
    {
        "atlas_tile": "underhall_pu_1_0", 
        "blend_frames": false, 
        "flipbook_texture": "textures/blocks/underhall_pu_1_0/a", 
        "frames": [
            0, 
            1, 
            2, 
            3, 
            4, 
            5, 
            6, 
            7, 
            8, 
            9, 
            10, 
            11, 
            12, 
            13, 
            14, 
            15, 
            16, 
            17, 
            18, 
            19, 
            20, 
            21, 
            22, 
            23, 
            24, 
            25, 
            26, 
            27, 
            28, 
            29, 
            30, 
            31
        ], 
        "ticks_per_frame": 1
    }, 
    {
        "atlas_tile": "underhall_pu_1_1", 
        "blend_frames": false, 
        "flipbook_texture": "textures/blocks/underhall_pu_1_1/a", 
        "frames": [
            0, 
            1, 
            2, 
            3, 
            4, 
            5, 
            6, 
            7, 
            8, 
            9, 
            10, 
            11, 
            12, 
            13, 
            14, 
            15, 
            16, 
            17, 
            18, 
            19, 
            20, 
            21, 
            22, 
            23, 
            24, 
            25, 
            26, 
            27, 
            28, 
            29, 
            30, 
            31
        ], 
        "ticks_per_frame": 1
    }, 
    {
        "atlas_tile": "underhall_pu_1_4", 
        "blend_frames": false, 
        "flipbook_texture": "textures/blocks/underhall_pu_1_4/a", 
        "frames": [
            0, 
            1, 
            2, 
            3, 
            4, 
            5, 
            6, 
            7, 
            8, 
            9, 
            10, 
            11, 
            12, 
            13, 
            14, 
            15, 
            16, 
            17, 
            18, 
            19, 
            20, 
            21, 
            22, 
            23, 
            24, 
            25, 
            26, 
            27, 
            28, 
            29, 
            30, 
            31
        ], 
        "ticks_per_frame": 1
    }, 
    {
        "atlas_tile": "underhall_pu_1_5", 
        "blend_frames": false, 
        "flipbook_texture": "textures/blocks/underhall_pu_1_5/a", 
        "frames": [
            0, 
            1, 
            2, 
            3, 
            4, 
            5, 
            6, 
            7, 
            8, 
            9, 
            10, 
            11, 
            12, 
            13, 
            14, 
            15, 
            16, 
            17, 
            18, 
            19, 
            20, 
            21, 
            22, 
            23, 
            24, 
            25, 
            26, 
            27, 
            28, 
            29, 
            30, 
            31
        ], 
        "ticks_per_frame": 1
    }, 
    {
        "atlas_tile": "underhall_pu_0_3", 
        "blend_frames": false, 
        "flipbook_texture": "textures/blocks/underhall_pu_0_3/a", 
        "frames": [
            0, 
            1, 
            2, 
            3, 
            4, 
            5, 
            6, 
            7, 
            8, 
            9, 
            10, 
            11, 
            12, 
            13, 
            14, 
            15, 
            16, 
            17, 
            18, 
            19, 
            20, 
            21, 
            22, 
            23, 
            24, 
            25, 
            26, 
            27, 
            28, 
            29, 
            30, 
            31
        ], 
        "ticks_per_frame": 1
    }, 
    {
        "atlas_tile": "underhall_pu_0_2", 
        "blend_frames": false, 
        "flipbook_texture": "textures/blocks/underhall_pu_0_2/a", 
        "frames": [
            0, 
            1, 
            2, 
            3, 
            4, 
            5, 
            6, 
            7, 
            8, 
            9, 
            10, 
            11, 
            12, 
            13, 
            14, 
            15, 
            16, 
            17, 
            18, 
            19, 
            20, 
            21, 
            22, 
            23, 
            24, 
            25, 
            26, 
            27, 
            28, 
            29, 
            30, 
            31
        ], 
        "ticks_per_frame": 1
    }, 
    {
        "atlas_tile": "underhall_pu_0_1", 
        "blend_frames": false, 
        "flipbook_texture": "textures/blocks/underhall_pu_0_1/a", 
        "frames": [
            0, 
            1, 
            2, 
            3, 
            4, 
            5, 
            6, 
            7, 
            8, 
            9, 
            10, 
            11, 
            12, 
            13, 
            14, 
            15, 
            16, 
            17, 
            18, 
            19, 
            20, 
            21, 
            22, 
            23, 
            24, 
            25, 
            26, 
            27, 
            28, 
            29, 
            30, 
            31
        ], 
        "ticks_per_frame": 1
    }, 
    {
        "atlas_tile": "underhall_pu_0_0", 
        "blend_frames": false, 
        "flipbook_texture": "textures/blocks/underhall_pu_0_0/a", 
        "frames": [
            0, 
            1, 
            2, 
            3, 
            4, 
            5, 
            6, 
            7, 
            8, 
            9, 
            10, 
            11, 
            12, 
            13, 
            14, 
            15, 
            16, 
            17, 
            18, 
            19, 
            20, 
            21, 
            22, 
            23, 
            24, 
            25, 
            26, 
            27, 
            28, 
            29, 
            30, 
            31
        ], 
        "ticks_per_frame": 1
    }, 
    {
        "atlas_tile": "underhall_pu_0_5", 
        "blend_frames": false, 
        "flipbook_texture": "textures/blocks/underhall_pu_0_5/a", 
        "frames": [
            0, 
            1, 
            2, 
            3, 
            4, 
            5, 
            6, 
            7, 
            8, 
            9, 
            10, 
            11, 
            12, 
            13, 
            14, 
            15, 
            16, 
            17, 
            18, 
            19, 
            20, 
            21, 
            22, 
            23, 
            24, 
            25, 
            26, 
            27, 
            28, 
            29, 
            30, 
            31
        ], 
        "ticks_per_frame": 1
    }, 
    {
        "atlas_tile": "underhall_pu_0_4", 
        "blend_frames": false, 
        "flipbook_texture": "textures/blocks/underhall_pu_0_4/a", 
        "frames": [
            0, 
            1, 
            2, 
            3, 
            4, 
            5, 
            6, 
            7, 
            8, 
            9, 
            10, 
            11, 
            12, 
            13, 
            14, 
            15, 
            16, 
            17, 
            18, 
            19, 
            20, 
            21, 
            22, 
            23, 
            24, 
            25, 
            26, 
            27, 
            28, 
            29, 
            30, 
            31
        ], 
        "ticks_per_frame": 1
    }, 
    {
        "atlas_tile": "underhall_pu_3_4", 
        "blend_frames": false, 
        "flipbook_texture": "textures/blocks/underhall_pu_3_4/a", 
        "frames": [
            0, 
            1, 
            2, 
            3, 
            4, 
            5, 
            6, 
            7, 
            8, 
            9, 
            10, 
            11, 
            12, 
            13, 
            14, 
            15, 
            16, 
            17, 
            18, 
            19, 
            20, 
            21, 
            22, 
            23, 
            24, 
            25, 
            26, 
            27, 
            28, 
            29, 
            30, 
            31
        ], 
        "ticks_per_frame": 1
    }, 
    {
        "atlas_tile": "underhall_pu_3_5", 
        "blend_frames": false, 
        "flipbook_texture": "textures/blocks/underhall_pu_3_5/a", 
        "frames": [
            0, 
            1, 
            2, 
            3, 
            4, 
            5, 
            6, 
            7, 
            8, 
            9, 
            10, 
            11, 
            12, 
            13, 
            14, 
            15, 
            16, 
            17, 
            18, 
            19, 
            20, 
            21, 
            22, 
            23, 
            24, 
            25, 
            26, 
            27, 
            28, 
            29, 
            30, 
            31
        ], 
        "ticks_per_frame": 1
    }, 
    {
        "atlas_tile": "underhall_pu_3_0", 
        "blend_frames": false, 
        "flipbook_texture": "textures/blocks/underhall_pu_3_0/a", 
        "frames": [
            0, 
            1, 
            2, 
            3, 
            4, 
            5, 
            6, 
            7, 
            8, 
            9, 
            10, 
            11, 
            12, 
            13, 
            14, 
            15, 
            16, 
            17, 
            18, 
            19, 
            20, 
            21, 
            22, 
            23, 
            24, 
            25, 
            26, 
            27, 
            28, 
            29, 
            30, 
            31
        ], 
        "ticks_per_frame": 1
    }, 
    {
        "atlas_tile": "underhall_pu_3_1", 
        "blend_frames": false, 
        "flipbook_texture": "textures/blocks/underhall_pu_3_1/a", 
        "frames": [
            0, 
            1, 
            2, 
            3, 
            4, 
            5, 
            6, 
            7, 
            8, 
            9, 
            10, 
            11, 
            12, 
            13, 
            14, 
            15, 
            16, 
            17, 
            18, 
            19, 
            20, 
            21, 
            22, 
            23, 
            24, 
            25, 
            26, 
            27, 
            28, 
            29, 
            30, 
            31
        ], 
        "ticks_per_frame": 1
    }, 
    {
        "atlas_tile": "underhall_pu_3_2", 
        "blend_frames": false, 
        "flipbook_texture": "textures/blocks/underhall_pu_3_2/a", 
        "frames": [
            0, 
            1, 
            2, 
            3, 
            4, 
            5, 
            6, 
            7, 
            8, 
            9, 
            10, 
            11, 
            12, 
            13, 
            14, 
            15, 
            16, 
            17, 
            18, 
            19, 
            20, 
            21, 
            22, 
            23, 
            24, 
            25, 
            26, 
            27, 
            28, 
            29, 
            30, 
            31
        ], 
        "ticks_per_frame": 1
    }, 
    {
        "atlas_tile": "underhall_pu_3_3", 
        "blend_frames": false, 
        "flipbook_texture": "textures/blocks/underhall_pu_3_3/a", 
        "frames": [
            0, 
            1, 
            2, 
            3, 
            4, 
            5, 
            6, 
            7, 
            8, 
            9, 
            10, 
            11, 
            12, 
            13, 
            14, 
            15, 
            16, 
            17, 
            18, 
            19, 
            20, 
            21, 
            22, 
            23, 
            24, 
            25, 
            26, 
            27, 
            28, 
            29, 
            30, 
            31
        ], 
        "ticks_per_frame": 1
    }
]