{
    "resource_pack_name": "TWF_Spells_RP", 
    "texture_data": {
        "twf_output4638028600_item": {
            "textures": "textures/items/twf_output4638028600_item"
        },
        "twf_output7564670460_item": {
            "textures": "textures/items/twf_output7564670460_item"
        },        
        "twf_output8946837583_item": {
            "textures": "textures/items/twf_output8946837583_item"
        },        
        "twf_output5640119400_item": {
            "textures": "textures/items/twf_output5640119400_item"
        },        
        "twf_output4424124846_item": {
            "textures": "textures/items/twf_output4424124846_item"
        },
        "twf_vehiclick_item": {
            "textures": "textures/items/twf_vehiclick_item"
        },        
        "oscillator_item": {
            "textures": "textures/items/oscillator_item"
        },        
        "twf_twf_tentacle_a_item": {
            "textures": "textures/items/twf_twf_tentacle_a_item"
        },
        "twf_twf_block_item": {
            "textures": "textures/items/twf_block_item"
        },
        "twf_vehiclick_item": {
            "textures": "textures/items/twf_vehiclick_item"
        },
        "spells_0_item": {
            "textures": "textures/items/spells_0_item"
        }, 
        "spells_1_item": {
            "textures": "textures/items/spells_1_item"
        }, 
        "spells_2_item": {
            "textures": "textures/items/spells_2_item"
        }, 
        "spells_3_item": {
            "textures": "textures/items/spells_3_item"
        }, 
        "spells_4_item": {
            "textures": "textures/items/spells_4_item"
        }, 
        "spells_5_item": {
            "textures": "textures/items/spells_5_item"
        }, 
        "spells_6_item": {
            "textures": "textures/items/spells_6_item"
        }, 
        "spells_7_item": {
            "textures": "textures/items/spells_7_item"
        }, 
        "spells_8_item": {
            "textures": "textures/items/spells_8_item"
        }, 
        "spells_9_item": {
            "textures": "textures/items/spells_9_item"
        }, 
        "spells_ampersand_item": {
            "textures": "textures/items/spells_ampersand_item"
        }, 
        "spells_apostrophe_item": {
            "textures": "textures/items/spells_apostrophe_item"
        }, 
        "spells_asterix_item": {
            "textures": "textures/items/spells_asterix_item"
        }, 
        "spells_at_sign_item": {
            "textures": "textures/items/spells_at_sign_item"
        }, 
        "spells_backslash_item": {
            "textures": "textures/items/spells_backslash_item"
        }, 
        "spells_circumflex_item": {
            "textures": "textures/items/spells_circumflex_item"
        }, 
        "spells_comma_item": {
            "textures": "textures/items/spells_comma_item"
        }, 
        "spells_dollar_item": {
            "textures": "textures/items/spells_dollar_item"
        }, 
        "spells_equals_item": {
            "textures": "textures/items/spells_equals_item"
        }, 
        "spells_exclamation_mark_item": {
            "textures": "textures/items/spells_exclamation_mark_item"
        }, 
        "spells_forward_slash_item": {
            "textures": "textures/items/spells_forward_slash_item"
        }, 
        "spells_greater_than_item": {
            "textures": "textures/items/spells_greater_than_item"
        }, 
        "spells_hash_item": {
            "textures": "textures/items/spells_hash_item"
        }, 
        "spells_hyphen_item": {
            "textures": "textures/items/spells_hyphen_item"
        }, 
        "spells_left_curly_brace_item": {
            "textures": "textures/items/spells_left_curly_brace_item"
        }, 
        "spells_left_parenthesis_item": {
            "textures": "textures/items/spells_left_parenthesis_item"
        }, 
        "spells_left_square_brace_item": {
            "textures": "textures/items/spells_left_square_brace_item"
        }, 
        "spells_less_than_item": {
            "textures": "textures/items/spells_less_than_item"
        }, 
        "spells_lower_a_item": {
            "textures": "textures/items/spells_lower_a_item"
        }, 
        "spells_lower_b_item": {
            "textures": "textures/items/spells_lower_b_item"
        }, 
        "spells_lower_c_item": {
            "textures": "textures/items/spells_lower_c_item"
        }, 
        "spells_lower_d_item": {
            "textures": "textures/items/spells_lower_d_item"
        }, 
        "spells_lower_e_item": {
            "textures": "textures/items/spells_lower_e_item"
        }, 
        "spells_lower_f_item": {
            "textures": "textures/items/spells_lower_f_item"
        }, 
        "spells_lower_g_item": {
            "textures": "textures/items/spells_lower_g_item"
        }, 
        "spells_lower_h_item": {
            "textures": "textures/items/spells_lower_h_item"
        }, 
        "spells_lower_i_item": {
            "textures": "textures/items/spells_lower_i_item"
        }, 
        "spells_lower_j_item": {
            "textures": "textures/items/spells_lower_j_item"
        }, 
        "spells_lower_k_item": {
            "textures": "textures/items/spells_lower_k_item"
        }, 
        "spells_lower_l_item": {
            "textures": "textures/items/spells_lower_l_item"
        }, 
        "spells_lower_m_item": {
            "textures": "textures/items/spells_lower_m_item"
        }, 
        "spells_lower_n_item": {
            "textures": "textures/items/spells_lower_n_item"
        }, 
        "spells_lower_o_item": {
            "textures": "textures/items/spells_lower_o_item"
        }, 
        "spells_lower_p_item": {
            "textures": "textures/items/spells_lower_p_item"
        }, 
        "spells_lower_q_item": {
            "textures": "textures/items/spells_lower_q_item"
        }, 
        "spells_lower_r_item": {
            "textures": "textures/items/spells_lower_r_item"
        }, 
        "spells_lower_s_item": {
            "textures": "textures/items/spells_lower_s_item"
        }, 
        "spells_lower_t_item": {
            "textures": "textures/items/spells_lower_t_item"
        }, 
        "spells_lower_u_item": {
            "textures": "textures/items/spells_lower_u_item"
        }, 
        "spells_lower_v_item": {
            "textures": "textures/items/spells_lower_v_item"
        }, 
        "spells_lower_w_item": {
            "textures": "textures/items/spells_lower_w_item"
        }, 
        "spells_lower_x_item": {
            "textures": "textures/items/spells_lower_x_item"
        }, 
        "spells_lower_y_item": {
            "textures": "textures/items/spells_lower_y_item"
        }, 
        "spells_lower_z_item": {
            "textures": "textures/items/spells_lower_z_item"
        }, 
        "spells_percent_item": {
            "textures": "textures/items/spells_percent_item"
        }, 
        "spells_period_item": {
            "textures": "textures/items/spells_period_item"
        }, 
        "spells_pipe_item": {
            "textures": "textures/items/spells_pipe_item"
        }, 
        "spells_plus_item": {
            "textures": "textures/items/spells_plus_item"
        }, 
        "spells_question_mark_item": {
            "textures": "textures/items/spells_question_mark_item"
        }, 
        "spells_right_curly_brace_item": {
            "textures": "textures/items/spells_right_curly_brace_item"
        }, 
        "spells_right_parenthesis_item": {
            "textures": "textures/items/spells_right_parenthesis_item"
        }, 
        "spells_right_square_brace_item": {
            "textures": "textures/items/spells_right_square_brace_item"
        }, 
        "spells_tilda_item": {
            "textures": "textures/items/spells_tilda_item"
        }, 
        "spells_underscore_item": {
            "textures": "textures/items/spells_underscore_item"
        }, 
        "spells_upper_a_item": {
            "textures": "textures/items/spells_upper_a_item"
        }, 
        "spells_upper_b_item": {
            "textures": "textures/items/spells_upper_b_item"
        }, 
        "spells_upper_c_item": {
            "textures": "textures/items/spells_upper_c_item"
        }, 
        "spells_upper_d_item": {
            "textures": "textures/items/spells_upper_d_item"
        }, 
        "spells_upper_e_item": {
            "textures": "textures/items/spells_upper_e_item"
        }, 
        "spells_upper_f_item": {
            "textures": "textures/items/spells_upper_f_item"
        }, 
        "spells_upper_g_item": {
            "textures": "textures/items/spells_upper_g_item"
        }, 
        "spells_upper_h_item": {
            "textures": "textures/items/spells_upper_h_item"
        }, 
        "spells_upper_i_item": {
            "textures": "textures/items/spells_upper_i_item"
        }, 
        "spells_upper_j_item": {
            "textures": "textures/items/spells_upper_j_item"
        }, 
        "spells_upper_k_item": {
            "textures": "textures/items/spells_upper_k_item"
        }, 
        "spells_upper_l_item": {
            "textures": "textures/items/spells_upper_l_item"
        }, 
        "spells_upper_m_item": {
            "textures": "textures/items/spells_upper_m_item"
        }, 
        "spells_upper_n_item": {
            "textures": "textures/items/spells_upper_n_item"
        }, 
        "spells_upper_o_item": {
            "textures": "textures/items/spells_upper_o_item"
        }, 
        "spells_upper_p_item": {
            "textures": "textures/items/spells_upper_p_item"
        }, 
        "spells_upper_q_item": {
            "textures": "textures/items/spells_upper_q_item"
        }, 
        "spells_upper_r_item": {
            "textures": "textures/items/spells_upper_r_item"
        }, 
        "spells_upper_s_item": {
            "textures": "textures/items/spells_upper_s_item"
        }, 
        "spells_upper_t_item": {
            "textures": "textures/items/spells_upper_t_item"
        }, 
        "spells_upper_u_item": {
            "textures": "textures/items/spells_upper_u_item"
        }, 
        "spells_upper_v_item": {
            "textures": "textures/items/spells_upper_v_item"
        }, 
        "spells_upper_w_item": {
            "textures": "textures/items/spells_upper_w_item"
        }, 
        "spells_upper_x_item": {
            "textures": "textures/items/spells_upper_x_item"
        }, 
        "spells_upper_y_item": {
            "textures": "textures/items/spells_upper_y_item"
        }, 
        "spells_upper_z_item": {
            "textures": "textures/items/spells_upper_z_item"
        }
    }, 
    "texture_name": "atlas.items"
}