{
    "format_version": "1.12.0", 
    "minecraft:geometry": [
        {
            "bones": [
                {
                    "cubes": [
                        {
                            "name": "mceu_cube_1", 
                            "origin": [
                                -4, 
                                6, 
                                0
                            ], 
                            "size": [
                                2, 
                                1, 
                                1
                            ], 
                            "uv": [
                                0, 
                                0
                            ]
                        }, 
                        {
                            "name": "mceu_cube_2", 
                            "origin": [
                                3, 
                                9, 
                                0
                            ], 
                            "size": [
                                1, 
                                4, 
                                1
                            ], 
                            "uv": [
                                0, 
                                0
                            ]
                        }, 
                        {
                            "name": "mceu_cube_3", 
                            "origin": [
                                -5, 
                                11, 
                                0
                            ], 
                            "size": [
                                1, 
                                2, 
                                1
                            ], 
                            "uv": [
                                0, 
                                0
                            ]
                        }, 
                        {
                            "name": "mceu_cube_4", 
                            "origin": [
                                2, 
                                13, 
                                0
                            ], 
                            "size": [
                                1, 
                                2, 
                                1
                            ], 
                            "uv": [
                                0, 
                                0
                            ]
                        }, 
                        {
                            "name": "mceu_cube_5", 
                            "origin": [
                                0, 
                                5, 
                                0
                            ], 
                            "size": [
                                3, 
                                1, 
                                1
                            ], 
                            "uv": [
                                0, 
                                0
                            ]
                        }, 
                        {
                            "name": "mceu_cube_8", 
                            "origin": [
                                1, 
                                14, 
                                0
                            ], 
                            "size": [
                                1, 
                                1, 
                                1
                            ], 
                            "uv": [
                                0, 
                                0
                            ]
                        }, 
                        {
                            "name": "mceu_cube_9", 
                            "origin": [
                                -4, 
                                13, 
                                0
                            ], 
                            "size": [
                                1, 
                                1, 
                                1
                            ], 
                            "uv": [
                                0, 
                                0
                            ]
                        }, 
                        {
                            "name": "mceu_cube_10", 
                            "origin": [
                                -4, 
                                7, 
                                0
                            ], 
                            "size": [
                                1, 
                                1, 
                                1
                            ], 
                            "uv": [
                                0, 
                                0
                            ]
                        }, 
                        {
                            "name": "mceu_cube_11", 
                            "origin": [
                                3, 
                                8, 
                                0
                            ], 
                            "size": [
                                1, 
                                1, 
                                1
                            ], 
                            "uv": [
                                0, 
                                0
                            ]
                        }, 
                        {
                            "name": "mceu_cube_12", 
                            "origin": [
                                0, 
                                15, 
                                0
                            ], 
                            "size": [
                                2, 
                                1, 
                                1
                            ], 
                            "uv": [
                                0, 
                                0
                            ]
                        }, 
                        {
                            "name": "mceu_cube_13", 
                            "origin": [
                                1, 
                                7, 
                                0
                            ], 
                            "size": [
                                2, 
                                1, 
                                1
                            ], 
                            "uv": [
                                0, 
                                0
                            ]
                        }, 
                        {
                            "name": "mceu_cube_14", 
                            "origin": [
                                -5, 
                                10, 
                                0
                            ], 
                            "size": [
                                1, 
                                1, 
                                1
                            ], 
                            "uv": [
                                0, 
                                0
                            ]
                        }, 
                        {
                            "name": "mceu_cube_15", 
                            "origin": [
                                -5, 
                                9, 
                                0
                            ], 
                            "size": [
                                1, 
                                1, 
                                1
                            ], 
                            "uv": [
                                0, 
                                0
                            ]
                        }, 
                        {
                            "name": "mceu_cube_16", 
                            "origin": [
                                -3, 
                                5, 
                                0
                            ], 
                            "size": [
                                3, 
                                1, 
                                1
                            ], 
                            "uv": [
                                0, 
                                0
                            ]
                        }, 
                        {
                            "name": "mceu_cube_19", 
                            "origin": [
                                -4, 
                                14, 
                                0
                            ], 
                            "size": [
                                2, 
                                1, 
                                1
                            ], 
                            "uv": [
                                0, 
                                0
                            ]
                        }, 
                        {
                            "name": "mceu_cube_22", 
                            "origin": [
                                2, 
                                6, 
                                0
                            ], 
                            "size": [
                                1, 
                                1, 
                                1
                            ], 
                            "uv": [
                                0, 
                                0
                            ]
                        }, 
                        {
                            "name": "mceu_cube_23", 
                            "origin": [
                                1, 
                                6, 
                                0
                            ], 
                            "size": [
                                1, 
                                1, 
                                1
                            ], 
                            "uv": [
                                0, 
                                0
                            ]
                        }, 
                        {
                            "name": "mceu_cube_24", 
                            "origin": [
                                -5, 
                                8, 
                                0
                            ], 
                            "size": [
                                1, 
                                1, 
                                1
                            ], 
                            "uv": [
                                0, 
                                0
                            ]
                        }, 
                        {
                            "name": "mceu_cube_25", 
                            "origin": [
                                -3, 
                                15, 
                                0
                            ], 
                            "size": [
                                3, 
                                1, 
                                1
                            ], 
                            "uv": [
                                0, 
                                0
                            ]
                        }
                    ], 
                    "name": "bb_main", 
                    "pivot": [
                        0, 
                        0, 
                        0
                    ]
                }
            ], 
            "description": {
                "identifier": "geometry.spells_upper_q", 
                "texture_height": 16, 
                "texture_width": 16, 
                "visible_bounds_height": 21, 
                "visible_bounds_offset": [
                    0, 
                    0.25, 
                    0
                ], 
                "visible_bounds_width": 6
            }
        }
    ]
}