{
    "format_version": "1.12.0", 
    "minecraft:geometry": [
        {
            "bones": [
                {
                    "cubes": [
                        {
                            "name": "mceu_cube_1", 
                            "origin": [
                                0, 
                                9, 
                                0
                            ], 
                            "size": [
                                1, 
                                1, 
                                1
                            ], 
                            "uv": [
                                0, 
                                0
                            ]
                        }, 
                        {
                            "name": "mceu_cube_2", 
                            "origin": [
                                -2, 
                                10, 
                                0
                            ], 
                            "size": [
                                6, 
                                1, 
                                1
                            ], 
                            "uv": [
                                0, 
                                0
                            ]
                        }, 
                        {
                            "name": "mceu_cube_3", 
                            "origin": [
                                0, 
                                7, 
                                0
                            ], 
                            "size": [
                                1, 
                                2, 
                                1
                            ], 
                            "uv": [
                                0, 
                                0
                            ]
                        }, 
                        {
                            "name": "mceu_cube_7", 
                            "origin": [
                                0, 
                                11, 
                                0
                            ], 
                            "size": [
                                1, 
                                3, 
                                1
                            ], 
                            "uv": [
                                0, 
                                0
                            ]
                        }, 
                        {
                            "name": "mceu_cube_13", 
                            "origin": [
                                -3, 
                                10, 
                                0
                            ], 
                            "size": [
                                1, 
                                1, 
                                1
                            ], 
                            "uv": [
                                0, 
                                0
                            ]
                        }
                    ], 
                    "name": "bb_main", 
                    "pivot": [
                        0, 
                        0, 
                        0
                    ]
                }
            ], 
            "description": {
                "identifier": "geometry.spells_plus", 
                "texture_height": 16, 
                "texture_width": 16, 
                "visible_bounds_height": 21, 
                "visible_bounds_offset": [
                    0, 
                    0.25, 
                    0
                ], 
                "visible_bounds_width": 5
            }
        }
    ]
}