{
	"format_version": "1.12.0",
	"minecraft:geometry": [
		{
			"description": {
				"identifier": "geometry.twf_twf_tentacle_a_north",
				"texture_width": 16,
				"texture_height": 16,
				"visible_bounds_width": 5,
				"visible_bounds_height": 3.5,
				"visible_bounds_offset": [0, 1.25, 0]
			},
			"bones": [
				{
					"name": "bone",
					"pivot": [0, 6, 10],
					"rotation": [90, 0, 90]
				},
				{
					"name": "bone2",
					"parent": "bone",
					"pivot": [0, 6, 10],
					"cubes": [
						{"origin": [-5, 6, 5], "size": [10, 8, 10], "uv": [0, 0]}
					]
				},
				{
					"name": "bone3",
					"parent": "bone2",
					"pivot": [0, 13, 10],
					"cubes": [
						{"origin": [-4, 13, 6], "size": [8, 7, 8], "uv": [0, 0]}
					]
				},
				{
					"name": "bone4",
					"parent": "bone3",
					"pivot": [0, 19, 10],
					"cubes": [
						{"origin": [-3, 19, 7], "size": [6, 6, 6], "uv": [0, 0]}
					]
				},
				{
					"name": "bone5",
					"parent": "bone4",
					"pivot": [0, 24, 10],
					"cubes": [
						{"origin": [-2, 24, 8], "size": [4, 5, 4], "uv": [0, 0]}
					]
				},
				{
					"name": "bone6",
					"parent": "bone5",
					"pivot": [0, 28, 10],
					"cubes": [
						{"origin": [-1, 28, 9], "size": [2, 4, 2], "uv": [0, 0]}
					]
				}
			]
		}
	]
}