{
    "format_version": "1.12.0", 
    "minecraft:geometry": [
        {
            "bones": [
                {
                    "cubes": [
                        {
                            "origin": [
                                -1, 
                                0, 
                                0
                            ], 
                            "size": [
                                1, 
                                6, 
                                1
                            ], 
                            "uv": [
                                0, 
                                0
                            ]
                        }, 
                        {
                            "origin": [
                                -0.99, 
                                5, 
                                -1
                            ], 
                            "pivot": [
                                0, 
                                6, 
                                0
                            ], 
                            "rotation": [
                                45, 
                                0, 
                                0
                            ], 
                            "size": [
                                0.98, 
                                6, 
                                1
                            ], 
                            "uv": [
                                0, 
                                0
                            ]
                        }, 
                        {
                            "origin": [
                                -1, 
                                8.70711, 
                                4.29289
                            ], 
                            "pivot": [
                                0, 
                                9, 
                                5
                            ], 
                            "rotation": [
                                -45, 
                                0, 
                                0
                            ], 
                            "size": [
                                1, 
                                3, 
                                1
                            ], 
                            "uv": [
                                0, 
                                0
                            ]
                        }, 
                        {
                            "origin": [
                                -2, 
                                12.70711, 
                                0
                            ], 
                            "pivot": [
                                -1, 
                                13, 
                                0
                            ], 
                            "rotation": [
                                45, 
                                85, 
                                0
                            ], 
                            "size": [
                                1, 
                                6, 
                                1
                            ], 
                            "uv": [
                                0, 
                                0
                            ]
                        }, 
                        {
                            "origin": [
                                -2, 
                                13.41421, 
                                0
                            ], 
                            "pivot": [
                                -1, 
                                13, 
                                0
                            ], 
                            "rotation": [
                                -45, 
                                85, 
                                0
                            ], 
                            "size": [
                                1, 
                                6, 
                                1
                            ], 
                            "uv": [
                                0, 
                                0
                            ]
                        }, 
                        {
                            "origin": [
                                -0.98, 
                                9.41421, 
                                4
                            ], 
                            "pivot": [
                                0, 
                                9, 
                                5
                            ], 
                            "rotation": [
                                45, 
                                0, 
                                0
                            ], 
                            "size": [
                                0.96, 
                                6, 
                                1
                            ], 
                            "uv": [
                                0, 
                                0
                            ]
                        }, 
                        {
                            "origin": [
                                -0.99, 
                                5, 
                                1
                            ], 
                            "pivot": [
                                0, 
                                6, 
                                1
                            ], 
                            "rotation": [
                                -45, 
                                0, 
                                0
                            ], 
                            "size": [
                                0.98, 
                                6, 
                                1
                            ], 
                            "uv": [
                                0, 
                                0
                            ]
                        }
                    ], 
                    "name": "bone", 
                    "pivot": [
                        0, 
                        0, 
                        0
                    ]
                }
            ], 
            "description": {
                "identifier": "geometry.twf_geo_c", 
                "texture_height": 16, 
                "texture_width": 16, 
                "visible_bounds_height": 2.5, 
                "visible_bounds_offset": [
                    0, 
                    0.75, 
                    0
                ], 
                "visible_bounds_width": 2
            }
        }
    ]
}