{
    "format_version": "1.12.0", 
    "minecraft:geometry": [
        {
            "bones": [
                {
                    "name": "root", 
                    "pivot": [
                        0, 
                        0, 
                        0
                    ]
                }, 
                {
                    "cubes": [
                        {
                            "origin": [
                                -3, 
                                0, 
                                3
                            ], 
                            "pivot": [
                                0, 
                                0, 
                                3
                            ], 
                            "rotation": [
                                -45, 
                                0, 
                                0
                            ], 
                            "size": [
                                6, 
                                7, 
                                1
                            ], 
                            "uv": [
                                0, 
                                0
                            ]
                        }, 
                        {
                            "origin": [
                                -6, 
                                0, 
                                0
                            ], 
                            "pivot": [
                                -3, 
                                0, 
                                0
                            ], 
                            "rotation": [
                                0, 
                                -90, 
                                -45
                            ], 
                            "size": [
                                6, 
                                7, 
                                1
                            ], 
                            "uv": [
                                0, 
                                0
                            ]
                        }, 
                        {
                            "origin": [
                                -3, 
                                0, 
                                -4
                            ], 
                            "pivot": [
                                0, 
                                0, 
                                -3
                            ], 
                            "rotation": [
                                45, 
                                0, 
                                0
                            ], 
                            "size": [
                                6, 
                                7, 
                                1
                            ], 
                            "uv": [
                                0, 
                                0
                            ]
                        }, 
                        {
                            "origin": [
                                0, 
                                0, 
                                0
                            ], 
                            "pivot": [
                                3, 
                                0, 
                                0
                            ], 
                            "rotation": [
                                0, 
                                90, 
                                45
                            ], 
                            "size": [
                                6, 
                                7, 
                                1
                            ], 
                            "uv": [
                                0, 
                                0
                            ]
                        }
                    ], 
                    "name": "bone2", 
                    "parent": "root", 
                    "pivot": [
                        0, 
                        0, 
                        0
                    ], 
                    "rotation": [
                        0, 
                        -45, 
                        0
                    ]
                }, 
                {
                    "cubes": [
                        {
                            "origin": [
                                -3, 
                                0, 
                                3
                            ], 
                            "pivot": [
                                0, 
                                0, 
                                3
                            ], 
                            "rotation": [
                                -45, 
                                0, 
                                0
                            ], 
                            "size": [
                                6, 
                                7, 
                                1
                            ], 
                            "uv": [
                                0, 
                                0
                            ]
                        }, 
                        {
                            "origin": [
                                -6, 
                                0, 
                                0
                            ], 
                            "pivot": [
                                -3, 
                                0, 
                                0
                            ], 
                            "rotation": [
                                0, 
                                -90, 
                                -45
                            ], 
                            "size": [
                                6, 
                                7, 
                                1
                            ], 
                            "uv": [
                                0, 
                                0
                            ]
                        }, 
                        {
                            "origin": [
                                -3, 
                                0, 
                                -4
                            ], 
                            "pivot": [
                                0, 
                                0, 
                                -3
                            ], 
                            "rotation": [
                                45, 
                                0, 
                                0
                            ], 
                            "size": [
                                6, 
                                7, 
                                1
                            ], 
                            "uv": [
                                0, 
                                0
                            ]
                        }, 
                        {
                            "origin": [
                                0, 
                                0, 
                                0
                            ], 
                            "pivot": [
                                3, 
                                0, 
                                0
                            ], 
                            "rotation": [
                                0, 
                                90, 
                                45
                            ], 
                            "size": [
                                6, 
                                7, 
                                1
                            ], 
                            "uv": [
                                0, 
                                0
                            ]
                        }
                    ], 
                    "name": "bone", 
                    "parent": "root", 
                    "pivot": [
                        0, 
                        0, 
                        -3
                    ]
                }, 
                {
                    "cubes": [
                        {
                            "origin": [
                                0, 
                                0, 
                                -2
                            ], 
                            "pivot": [
                                0, 
                                0, 
                                -1
                            ], 
                            "rotation": [
                                0, 
                                0, 
                                7.5
                            ], 
                            "size": [
                                2, 
                                12, 
                                2
                            ], 
                            "uv": [
                                0, 
                                0
                            ]
                        }, 
                        {
                            "origin": [
                                -2, 
                                0, 
                                -2
                            ], 
                            "pivot": [
                                0, 
                                0, 
                                -1
                            ], 
                            "rotation": [
                                11.93845, 
                                3.73171, 
                                -9.60967
                            ], 
                            "size": [
                                2, 
                                12, 
                                2
                            ], 
                            "uv": [
                                0, 
                                0
                            ]
                        }, 
                        {
                            "origin": [
                                -1, 
                                0, 
                                0
                            ], 
                            "pivot": [
                                0, 
                                0, 
                                -1
                            ], 
                            "rotation": [
                                -5, 
                                0, 
                                0
                            ], 
                            "size": [
                                2, 
                                12, 
                                2
                            ], 
                            "uv": [
                                0, 
                                0
                            ]
                        }
                    ], 
                    "name": "bone3", 
                    "parent": "root", 
                    "pivot": [
                        0, 
                        0, 
                        -1
                    ]
                }
            ], 
            "description": {
                "identifier": "geometry.twf_geo_j", 
                "texture_height": 16, 
                "texture_width": 16, 
                "visible_bounds_height": 2.5, 
                "visible_bounds_offset": [
                    0, 
                    0.75, 
                    0
                ], 
                "visible_bounds_width": 3
            }
        }
    ]
}