{
    "format_version": "1.12.0", 
    "minecraft:geometry": [
        {
            "bones": [
                {
                    "cubes": [
                        {
                            "origin": [
                                -2, 
                                0, 
                                0
                            ], 
                            "size": [
                                4, 
                                5, 
                                0.01
                            ], 
                            "uv": [
                                0, 
                                0
                            ]
                        }, 
                        {
                            "origin": [
                                -2, 
                                0, 
                                0
                            ], 
                            "pivot": [
                                0, 
                                0, 
                                0
                            ], 
                            "rotation": [
                                0, 
                                -90, 
                                0
                            ], 
                            "size": [
                                4, 
                                5, 
                                0.01
                            ], 
                            "uv": [
                                0, 
                                0
                            ]
                        }, 
                        {
                            "origin": [
                                -2, 
                                0, 
                                0
                            ], 
                            "pivot": [
                                0, 
                                0, 
                                0
                            ], 
                            "rotation": [
                                -180, 
                                -45, 
                                180
                            ], 
                            "size": [
                                4, 
                                5, 
                                0.01
                            ], 
                            "uv": [
                                0, 
                                0
                            ]
                        }, 
                        {
                            "origin": [
                                -2, 
                                0, 
                                0
                            ], 
                            "pivot": [
                                0, 
                                0, 
                                0
                            ], 
                            "rotation": [
                                -180, 
                                45, 
                                180
                            ], 
                            "size": [
                                4, 
                                5, 
                                0.01
                            ], 
                            "uv": [
                                0, 
                                0
                            ]
                        }
                    ], 
                    "name": "bone", 
                    "pivot": [
                        0, 
                        0, 
                        0
                    ]
                }
            ], 
            "description": {
                "identifier": "geometry.twf_geo_e", 
                "texture_height": 16, 
                "texture_width": 16, 
                "visible_bounds_height": 1.5, 
                "visible_bounds_offset": [
                    0, 
                    0.25, 
                    0
                ], 
                "visible_bounds_width": 2
            }
        }
    ]
}