{
	"format_version": "1.12.0",
	"minecraft:geometry": [
		{
			"description": {
				"identifier": "geometry.twf_vehiclick",
				"texture_width": 32,
				"texture_height": 32,
				"visible_bounds_width": 3,
				"visible_bounds_height": 1.5,
				"visible_bounds_offset": [0, 0.25, 0]
			},
			"bones": [
				{
					"name": "root",
					"pivot": [0, 0, 0],
					"cubes": [
						{
							"origin": [-5, 1, -8],
							"size": [10, 3, 16],
							"uv": {
								"north": {"uv": [0, 19], "uv_size": [10, 3]},
								"east": {"uv": [0, 16], "uv_size": [16, 3]},
								"south": {"uv": [10, 19], "uv_size": [10, 3]},
								"west": {"uv": [16, 16], "uv_size": [16, 3]},
								"up": {"uv": [0, 0], "uv_size": [10, 16]},
								"down": {"uv": [10, 16], "uv_size": [10, -16]}
							}
						},
						{
							"origin": [-4, 4, -3],
							"size": [8, 3, 1],
							"uv": {
								"north": {"uv": [20, 0], "uv_size": [8, 3]},
								"east": {"uv": [20, 23], "uv_size": [1, 3]},
								"south": {"uv": [20, 3], "uv_size": [8, 3]},
								"west": {"uv": [12, 26], "uv_size": [1, 3]},
								"up": {"uv": [23, 6], "uv_size": [8, 1]},
								"down": {"uv": [23, 8], "uv_size": [8, -1]}
							}
						},
						{
							"origin": [2, 0.75, -0.5],
							"size": [1, 1, 9],
							"uv": {
								"north": {"uv": [27, 9], "uv_size": [1, 1]},
								"east": {"uv": [20, 15], "uv_size": [9, 1]},
								"south": {"uv": [27, 10], "uv_size": [1, 1]},
								"west": {"uv": [12, 22], "uv_size": [9, 1]},
								"up": {"uv": [21, 22], "uv_size": [1, 9]},
								"down": {"uv": [22, 31], "uv_size": [1, -9]}
							}
						},
						{
							"origin": [-5.25, 2, -8.25],
							"size": [3, 1, 2],
							"uv": {
								"north": {"uv": [23, 14], "uv_size": [3, 1]},
								"east": {"uv": [19, 26], "uv_size": [2, 1]},
								"south": {"uv": [13, 26], "uv_size": [3, 1]},
								"west": {"uv": [26, 25], "uv_size": [2, 1]},
								"up": {"uv": [25, 19], "uv_size": [3, 2]},
								"down": {"uv": [25, 23], "uv_size": [3, -2]}
							}
						},
						{
							"origin": [2.25, 2, -8.25],
							"size": [3, 1, 2],
							"uv": {
								"north": {"uv": [26, 14], "uv_size": [3, 1]},
								"east": {"uv": [26, 26], "uv_size": [2, 1]},
								"south": {"uv": [16, 26], "uv_size": [3, 1]},
								"west": {"uv": [27, 8], "uv_size": [2, 1]},
								"up": {"uv": [23, 25], "uv_size": [3, 2]},
								"down": {"uv": [25, 25], "uv_size": [3, -2]}
							}
						}
					]
				},
				{
					"name": "wheels",
					"parent": "root",
					"pivot": [0, 0, 0],
					"cubes": [
						{
							"origin": [4, 0, -6],
							"size": [2, 3, 3],
							"uv": {
								"north": {"uv": [23, 8], "uv_size": [2, 3]},
								"east": {"uv": [20, 6], "uv_size": [3, 3]},
								"south": {"uv": [23, 11], "uv_size": [2, 3]},
								"west": {"uv": [20, 9], "uv_size": [3, 3]},
								"up": {"uv": [12, 23], "uv_size": [2, 3]},
								"down": {"uv": [14, 26], "uv_size": [2, -3]}
							}
						},
						{
							"origin": [-6, 0, -6],
							"size": [2, 3, 3],
							"uv": {
								"north": {"uv": [16, 23], "uv_size": [2, 3]},
								"east": {"uv": [20, 12], "uv_size": [3, 3]},
								"south": {"uv": [18, 23], "uv_size": [2, 3]},
								"west": {"uv": [20, 19], "uv_size": [3, 3]},
								"up": {"uv": [23, 19], "uv_size": [2, 3]},
								"down": {"uv": [23, 25], "uv_size": [2, -3]}
							}
						},
						{
							"origin": [4, 0, 2],
							"size": [2, 3, 3],
							"uv": {
								"north": {"uv": [8, 25], "uv_size": [2, 3]},
								"east": {"uv": [6, 22], "uv_size": [3, 3]},
								"south": {"uv": [25, 8], "uv_size": [2, 3]},
								"west": {"uv": [9, 22], "uv_size": [3, 3]},
								"up": {"uv": [10, 25], "uv_size": [2, 3]},
								"down": {"uv": [25, 14], "uv_size": [2, -3]}
							}
						},
						{
							"origin": [-6, 0, 2],
							"size": [2, 3, 3],
							"uv": {
								"north": {"uv": [0, 25], "uv_size": [2, 3]},
								"east": {"uv": [0, 22], "uv_size": [3, 3]},
								"south": {"uv": [2, 25], "uv_size": [2, 3]},
								"west": {"uv": [3, 22], "uv_size": [3, 3]},
								"up": {"uv": [4, 25], "uv_size": [2, 3]},
								"down": {"uv": [6, 28], "uv_size": [2, -3]}
							}
						}
					]
				}
			]
		}
	]
}