{
    "format_version": "1.12.0", 
    "minecraft:geometry": [
        {
            "bones": [
                {
                    "cubes": [
                        {
                            "origin": [
                                -3, 
                                3, 
                                -7
                            ], 
                            "pivot": [
                                0, 
                                0, 
                                0
                            ], 
                            "rotation": [
                                22.5, 
                                0, 
                                0
                            ], 
                            "size": [
                                3, 
                                6, 
                                1
                            ], 
                            "uv": [
                                0, 
                                0
                            ]
                        }, 
                        {
                            "origin": [
                                -6, 
                                4, 
                                -6
                            ], 
                            "pivot": [
                                0, 
                                0, 
                                0
                            ], 
                            "rotation": [
                                20.94102, 
                                8.42106, 
                                -20.94102
                            ], 
                            "size": [
                                3, 
                                4, 
                                1
                            ], 
                            "uv": [
                                0, 
                                0
                            ]
                        }, 
                        {
                            "origin": [
                                0, 
                                4, 
                                -6
                            ], 
                            "pivot": [
                                0, 
                                0, 
                                0
                            ], 
                            "rotation": [
                                20.94102, 
                                -8.42106, 
                                20.94102
                            ], 
                            "size": [
                                3, 
                                4, 
                                1
                            ], 
                            "uv": [
                                0, 
                                0
                            ]
                        }
                    ], 
                    "name": "bone", 
                    "pivot": [
                        0, 
                        0, 
                        0
                    ]
                }, 
                {
                    "cubes": [
                        {
                            "origin": [
                                -3, 
                                3, 
                                -7
                            ], 
                            "pivot": [
                                0, 
                                0, 
                                0
                            ], 
                            "rotation": [
                                22.5, 
                                0, 
                                0
                            ], 
                            "size": [
                                3, 
                                6, 
                                1
                            ], 
                            "uv": [
                                0, 
                                0
                            ]
                        }, 
                        {
                            "origin": [
                                -6, 
                                4, 
                                -6
                            ], 
                            "pivot": [
                                0, 
                                0, 
                                0
                            ], 
                            "rotation": [
                                20.94102, 
                                8.42106, 
                                -20.94102
                            ], 
                            "size": [
                                3, 
                                4, 
                                1
                            ], 
                            "uv": [
                                0, 
                                0
                            ]
                        }, 
                        {
                            "origin": [
                                0, 
                                4, 
                                -6
                            ], 
                            "pivot": [
                                0, 
                                0, 
                                0
                            ], 
                            "rotation": [
                                20.94102, 
                                -8.42106, 
                                20.94102
                            ], 
                            "size": [
                                3, 
                                4, 
                                1
                            ], 
                            "uv": [
                                0, 
                                0
                            ]
                        }
                    ], 
                    "name": "bone2", 
                    "pivot": [
                        0, 
                        0, 
                        0
                    ], 
                    "rotation": [
                        0, 
                        -90, 
                        0
                    ]
                }, 
                {
                    "cubes": [
                        {
                            "origin": [
                                -3, 
                                3, 
                                -7
                            ], 
                            "pivot": [
                                0, 
                                0, 
                                0
                            ], 
                            "rotation": [
                                22.5, 
                                0, 
                                0
                            ], 
                            "size": [
                                3, 
                                6, 
                                1
                            ], 
                            "uv": [
                                0, 
                                0
                            ]
                        }, 
                        {
                            "origin": [
                                -6, 
                                4, 
                                -6
                            ], 
                            "pivot": [
                                0, 
                                0, 
                                0
                            ], 
                            "rotation": [
                                20.94102, 
                                8.42106, 
                                -20.94102
                            ], 
                            "size": [
                                3, 
                                4, 
                                1
                            ], 
                            "uv": [
                                0, 
                                0
                            ]
                        }, 
                        {
                            "origin": [
                                0, 
                                4, 
                                -6
                            ], 
                            "pivot": [
                                0, 
                                0, 
                                0
                            ], 
                            "rotation": [
                                20.94102, 
                                -8.42106, 
                                20.94102
                            ], 
                            "size": [
                                3, 
                                4, 
                                1
                            ], 
                            "uv": [
                                0, 
                                0
                            ]
                        }
                    ], 
                    "name": "bone3", 
                    "pivot": [
                        0, 
                        0, 
                        0
                    ], 
                    "rotation": [
                        -180, 
                        0, 
                        180
                    ]
                }, 
                {
                    "cubes": [
                        {
                            "origin": [
                                -3, 
                                3, 
                                -7
                            ], 
                            "pivot": [
                                0, 
                                0, 
                                0
                            ], 
                            "rotation": [
                                22.5, 
                                0, 
                                0
                            ], 
                            "size": [
                                3, 
                                6, 
                                1
                            ], 
                            "uv": [
                                0, 
                                0
                            ]
                        }, 
                        {
                            "origin": [
                                -6, 
                                4, 
                                -6
                            ], 
                            "pivot": [
                                0, 
                                0, 
                                0
                            ], 
                            "rotation": [
                                20.94102, 
                                8.42106, 
                                -20.94102
                            ], 
                            "size": [
                                3, 
                                4, 
                                1
                            ], 
                            "uv": [
                                0, 
                                0
                            ]
                        }, 
                        {
                            "origin": [
                                0, 
                                4, 
                                -6
                            ], 
                            "pivot": [
                                0, 
                                0, 
                                0
                            ], 
                            "rotation": [
                                20.94102, 
                                -8.42106, 
                                20.94102
                            ], 
                            "size": [
                                3, 
                                4, 
                                1
                            ], 
                            "uv": [
                                0, 
                                0
                            ]
                        }
                    ], 
                    "name": "bone4", 
                    "pivot": [
                        0, 
                        0, 
                        0
                    ], 
                    "rotation": [
                        0, 
                        90, 
                        0
                    ]
                }
            ], 
            "description": {
                "identifier": "geometry.twf_geo_a", 
                "texture_height": 16, 
                "texture_width": 16, 
                "visible_bounds_height": 2.5, 
                "visible_bounds_offset": [
                    0, 
                    0.75, 
                    0
                ], 
                "visible_bounds_width": 3
            }
        }
    ]
}