{
	"format_version": "1.12.0",
	"minecraft:geometry": [
		{
			"description": {
				"identifier": "geometry.twf_twf_tentacle_a",
				"texture_width": 16,
				"texture_height": 16,
				"visible_bounds_width": 2,
				"visible_bounds_height": 3.5,
				"visible_bounds_offset": [0, 1.25, 0]
			},
			"bones": [
				{
					"name": "bone",
					"pivot": [0, 0, 0]
				},
				{
					"name": "bone2",
					"parent": "bone",
					"pivot": [0, 0, 0],
					"cubes": [
						{"origin": [-5, 0, -5], "size": [10, 8, 10], "uv": [0, 0]}
					]
				},
				{
					"name": "bone3",
					"parent": "bone2",
					"pivot": [0, 7, 0],
					"cubes": [
						{"origin": [-4, 7, -4], "size": [8, 7, 8], "uv": [0, 0]}
					]
				},
				{
					"name": "bone4",
					"parent": "bone3",
					"pivot": [0, 13, 0],
					"cubes": [
						{"origin": [-3, 13, -3], "size": [6, 6, 6], "uv": [0, 0]}
					]
				},
				{
					"name": "bone5",
					"parent": "bone4",
					"pivot": [0, 18, 0],
					"cubes": [
						{"origin": [-2, 18, -2], "size": [4, 5, 4], "uv": [0, 0]}
					]
				},
				{
					"name": "bone6",
					"parent": "bone5",
					"pivot": [0, 22, 0],
					"cubes": [
						{"origin": [-1, 22, -1], "size": [2, 4, 2], "uv": [0, 0]}
					]
				}
			]
		}
	]
}