{
	"format_version": "1.8.0",
	"animations": {
		"animation.twf_moth.ground": {
			"loop": true,
			"animation_length": 0.56,
			"start_delay": "1",
			"loop_delay": "1",
			"bones": {
				"root": {
					"rotation": {
						"0.0": [-7.5, 0, 0],
						"0.28": [0, 0, 0],
						"0.56": [-7.5, 0, 0]
					}
				},
				"right": {
					"rotation": {
						"0.0": [0, 0, 0],
						"0.28": [0, 0, 37.5],
						"0.56": [0, 0, 0]
					}
				},
				"left": {
					"rotation": {
						"0.0": [0, 0, 0],
						"0.28": [0, 0, -37.5],
						"0.56": [0, 0, 0]
					}
				}
			}
		},
		"animation.twf_moth.flight": {
			"loop": true,
			"animation_length": 0.56,
			"bones": {
				"root": {
					"rotation": {
						"0.0": [-7.5, 0, 0],
						"0.28": [0, 0, 0],
						"0.56": [-7.5, 0, 0]
					},
					"position": {
						"0.0": [0, 0, 0],
						"0.28": [0, 2, 0],
						"0.56": [0, 0, 0]
					}
				},
				"right": {
					"rotation": {
						"0.0": [0, 0, 0],
						"0.28": [0, 0, -55],
						"0.56": [0, 0, 0]
					}
				},
				"left": {
					"rotation": {
						"0.0": [0, 0, 0],
						"0.28": [0, 0, 55],
						"0.56": [0, 0, 0]
					}
				}
			}
		}
	}
}