{
	"format_version": "1.8.0",
	"animations": {
		"animation.oscillator.base_pose": {
			"loop": true,
			"animation_length": 1.08,
			"start_delay": "0.5",
			"bones": {
				"bone": {
					"scale": {
						"0.0": {
							"post": [1, 1, 1],
							"lerp_mode": "catmullrom"
						},
						"0.52": {
							"post": [0.9, 1.2, 0.9],
							"lerp_mode": "catmullrom"
						},
						"1.08": {
							"post": [1, 1, 1],
							"lerp_mode": "catmullrom"
						}
					}
				}
			}
		},
		"animation.oscillator.milked": {
			"loop": true,
			"animation_length": 4.16,
			"bones": {
				"bone": {
					"scale": {
						"0.0": {
							"post": [1.2, 0.9, 1.2],
							"lerp_mode": "catmullrom"
						},
						"2.08": {
							"post": [1.8, 0.8, 1.8],
							"lerp_mode": "catmullrom"
						},
						"4.16": {
							"post": [1.2, 0.9, 1.2],
							"lerp_mode": "catmullrom"
						}
					}
				}
			}
		}
	}
}