{
    "format_version": "1.17.0", 
    "minecraft:entity": {
        "component_groups": {
            "twf:milked": {
                "minecraft:skin_id": {
                   "value": 1
                }
            }
            
        }, 
        "components": {
            "minecraft:custom_hit_test": {
                "hitboxes": [
                    {
                        "height": 0.3, 
                        "pivot": [
                            0, 
                            0.2, 
                            0
                        ], 
                        "width": 0.3
                    }
                ]
            }, 
            "minecraft:experience_reward": {
                "on_death": "(1.0)"
            }, 
            "minecraft:knockback_resistance": {
                "value": 1.0
            }, 
            "minecraft:loot": {
                "table": "loot_tables/empty.json"
            }, 
            "minecraft:nameable": {}, 
            "minecraft:rideable": {
              "seat_count": 1,
              "family_types": [
                "player"
              ],
              "seats": {
                "position": [ 0.0, 0.3, 0.0 ]
              }
            },            
            "minecraft:skin_id": {
				"value": 0
			},
            "minecraft:physics": {}
        }, 
        "description": {
            "identifier": "twf:oscillator", 
            "is_spawnable": true, 
            "is_summonable": true
        }, 
        "events": {
           
        }
    }
}