{
    "format_version": "1.17.0", 
    "minecraft:entity": {
        "components": {
              "minecraft:damage_sensor": {
                "triggers": {
                  "cause": "fall",
                  "deals_damage": false
                }
              },
              "minecraft:hurt_on_condition": {
                "damage_conditions": [
                  {
                    "filters": { "test": "in_lava", "subject": "self", "operator": "==", "value": true },
                    "cause": "lava",
                    "damage_per_tick": 4
                  }
                ]
              },            
              "minecraft:breathable": {
                "total_supply": 15,
                "suffocate_time": 0
              },
              "minecraft:navigation.float": {	
                "can_path_over_water": false	
              },
              "minecraft:movement.basic": {
              },
              "minecraft:jump.static": {
              },
              "minecraft:despawn": {
                "despawn_from_distance": {}
              },
              "minecraft:behavior.float": {
                "priority": 0
              },
              "minecraft:behavior.float_wander": {
                "xz_dist": 4,
                "y_dist": 3,
                "y_offset": -1.0,
                "random_reselect": true,
                "float_duration": [ 0.1, 0.35 ]
              },
              "minecraft:movement": {
                "value": 0.08
              },
            "minecraft:can_fly": {},
            "minecraft:custom_hit_test": {
                "hitboxes": [
                    {
                        "height": 0.3, 
                        "pivot": [
                            0, 
                            0.2, 
                            0
                        ], 
                        "width": 0.3
                    }
                ]
            },
            "minecraft:type_family": {
                "family": [ "twf_cyootoon", "mob" ]
            },        
            "minecraft:experience_reward": {
                "on_death": "(0.1)"
            }, 
            "minecraft:knockback_resistance": {
                "value": 0.2
            }, 
            "minecraft:loot": {
                "table": "loot_tables/empty.json"
            }, 
            "minecraft:nameable": {}, 
            "minecraft:physics": {}
        }, 
        "description": {
            "identifier": "twf:moth", 
            "is_spawnable": true, 
            "is_summonable": true
        }, 
		"events": {
		},
		"component_groups": {
		}
    }
}