{
    "format_version": "1.17.0", 
    "minecraft:entity": {
        "component_groups": {}, 
        "components": {
            "minecraft:custom_hit_test": {
                "hitboxes": [
                    {
                        "height": 0.3, 
                        "pivot": [
                            0, 
                            0.2, 
                            0
                        ], 
                        "width": 0.3
                    }
                ]
            }, 
            "minecraft:experience_reward": {
                "on_death": "(1.0)"
            }, 
            "minecraft:knockback_resistance": {
                "value": 1.0
            }, 
            "minecraft:loot": {
                "table": "loot_tables/empty.json"
            }, 
            "minecraft:nameable": {}, 
            "minecraft:physics": {},
            "minecraft:rideable": {
              "seat_count": 1,
              "family_types": [
                "player",
                "zombie"
              ],
              "interact_text": "action.interact.mount",
              "seats": {
                "position": [ 0.0, 0.1, -0.2 ]
              }

            },
            "minecraft:behavior.mount_pathing": {
              "priority": 2,
              "speed_multiplier": 1.5,
              "target_dist": 0.0,
              "track_target": true
            },
            "minecraft:inventory": {
              "inventory_size": 2,
              "container_type": "horse"
            },
            "minecraft:input_ground_controlled": {
            },
            "minecraft:can_power_jump": {
            },
            "minecraft:health": {
                "value": {
                  "range_min": 15,
                  "range_max": 30
                }
            },
              "minecraft:movement": {
                "value": {
                  "range_min": 0.1125,
                  "range_max": 0.3375
                }
              },
              "minecraft:navigation.walk": {
                "can_path_over_water": true,
                "avoid_water": true,
                "avoid_damage_blocks": true
              },
              "minecraft:movement.basic": {
              },
              "minecraft:jump.static": {
              },
              "minecraft:nameable": {
              },
              "minecraft:horse.jump_strength": {
                "value": {
                  "range_min": 0.4,
                  "range_max": 1.0
                }
              },
              "minecraft:leashable": {
                "soft_distance": 4.0,
                "hard_distance": 6.0,
                "max_distance": 10.0
              },
              "minecraft:pushable": {
                "is_pushable": true,
                "is_pushable_by_piston": true
              },
              "minecraft:conditional_bandwidth_optimization": {
                  
              }
                            
        }, 
        "description": {
            "identifier": "twf:twf_vehiclick", 
            "is_spawnable": true, 
            "is_summonable": true
        }, 
        "events": {}
    }
}