{
    "format_version": "1.16.0", 
    "minecraft:block": {
        "components": {
            "minecraft:block_light_absorption": 1, 
            "minecraft:block_light_emission": 0.125, 
            "minecraft:destroy_time": 1, 
            "minecraft:explosion_resistance": 5, 
            "minecraft:flammable": {
                "burn_odds": 0, 
                "flame_odds": 0
            }, 
            "minecraft:friction": 0.6, 
            "minecraft:map_color": "#FFFFFF"
        }, 
        "description": {
            "identifier": "twf:purtal_0_1", 
            "is_experimental": false, 
            "register_to_creative_menu": true
        }
    }
}